base_social_norm,eb_social_norm,Z,gens,mu,chi,eps,alpha,q,b,c,beta,generations,convergence_period,gamma_min,gamma_max,gamma_delta,gamma_center,average_cooperation,average_consensus,ALWAYS_COOPERATE,DISCRIMINATE,PARADOXICALLY_DISC,ALWAYS_DEFECT,EmotionProfile.COMPETITIVE,EmotionProfile.COOPERATIVE
"[[1, 0], [0, 1]]","[[(1, 1), (0, 0)], [(0, 0), (1, 1)]]",50,600,0.02,0.0002,0.0002,0.0,1.0,5,1,1.0,600,0,0.0,1.0,0.0,0.0,0.0,1.0,0.0,0.02,0.0,0.98,0.2,0.8
"[[1, 0], [0, 1]]","[[(1, 1), (0, 0)], [(0, 0), (1, 1)]]",50,600,0.02,0.0002,0.0002,0.0,1.0,5,1,1.0,600,0,0.0,1.0,0.0,0.0,0.005,1.0,0.02,0.0,0.0,0.98,0.34,0.66
"[[1, 0], [0, 1]]","[[(1, 1), (0, 0)], [(0, 0), (1, 1)]]",50,600,0.02,0.0002,0.0002,0.0,1.0,5,1,1.0,600,0,0.0,1.0,0.0,0.0,0.0,1.0,0.0,0.02,0.02,0.96,0.52,0.48
"[[1, 0], [0, 1]]","[[(1, 1), (0, 0)], [(0, 0), (1, 1)]]",50,600,0.02,0.0002,0.0002,0.0,1.0,5,1,1.0,600,0,0.0,1.0,0.0,0.0,0.0,1.0,0.0,0.0,0.0,1.0,0.86,0.14
"[[1, 0], [0, 1]]","[[(1, 1), (0, 0)], [(0, 0), (1, 1)]]",50,600,0.02,0.0002,0.0002,0.0,1.0,5,1,1.0,600,0,0.0,1.0,0.0,0.0,0.01,1.0,0.02,0.0,0.0,0.98,0.14,0.86
"[[1, 0], [0, 1]]","[[(1, 1), (0, 0)], [(0, 0), (1, 1)]]",50,600,0.02,0.0002,0.0002,0.0,1.0,5,1,1.0,600,0,0.0,1.0,0.0,0.0,0.0,1.0,0.0,0.02,0.0,0.98,0.48,0.52
"[[1, 0], [0, 1]]","[[(1, 1), (0, 0)], [(0, 0), (1, 1)]]",50,600,0.02,0.0002,0.0002,0.0,1.0,5,1,1.0,600,0,0.0,1.0,0.0,0.0,0.0,1.0,0.0,0.02,0.0,0.98,0.5,0.5
"[[1, 0], [0, 1]]","[[(1, 1), (0, 0)], [(0, 0), (1, 1)]]",50,600,0.02,0.0002,0.0002,0.0,1.0,5,1,1.0,600,0,0.0,1.0,0.0,0.0,0.0,1.0,0.0,0.02,0.0,0.98,0.58,0.42
"[[1, 0], [0, 1]]","[[(1, 1), (0, 0)], [(0, 0), (1, 1)]]",50,600,0.02,0.0002,0.0002,0.0,1.0,5,1,1.0,600,0,0.0,1.0,0.0,0.0,0.0,1.0,0.0,0.0,0.0,1.0,0.4,0.6
"[[1, 0], [0, 1]]","[[(1, 1), (0, 0)], [(0, 0), (1, 1)]]",50,600,0.02,0.0002,0.0002,0.0,1.0,5,1,1.0,600,0,0.0,1.0,0.0,0.0,0.0,1.0,0.0,0.0,0.0,1.0,0.22,0.78
"[[1, 0], [0, 1]]","[[(1, 1), (0, 0)], [(0, 0), (1, 1)]]",50,600,0.02,0.0002,0.0002,0.0,1.0,5,1,1.0,600,0,0.0,1.0,0.0,0.0,0.01,1.0,0.0,0.02,0.0,0.98,0.88,0.12
"[[1, 0], [0, 1]]","[[(1, 1), (0, 0)], [(0, 0), (1, 1)]]",50,600,0.02,0.0002,0.0002,0.0,1.0,5,1,1.0,600,0,0.0,1.0,0.0,0.0,0.91,1.0,0.02,0.0,0.92,0.06,0.44,0.56
"[[1, 0], [0, 1]]","[[(1, 1), (0, 0)], [(0, 0), (1, 1)]]",50,600,0.02,0.0002,0.0002,0.0,1.0,5,1,1.0,600,0,0.0,1.0,0.0,0.0,0.93,1.0,0.02,0.02,0.92,0.04,0.28,0.72
"[[1, 0], [0, 1]]","[[(1, 1), (0, 0)], [(0, 0), (1, 1)]]",50,600,0.02,0.0002,0.0002,0.0,1.0,5,1,1.0,600,0,0.0,1.0,0.0,0.0,1.0,1.0,0.06,0.0,0.94,0.0,0.64,0.36
"[[1, 0], [0, 1]]","[[(1, 1), (0, 0)], [(0, 0), (1, 1)]]",50,600,0.02,0.0002,0.0002,0.0,1.0,5,1,1.0,600,0,0.0,1.0,0.0,0.0,0.99,1.0,0.0,0.0,0.98,0.02,0.18,0.82
"[[1, 0], [0, 1]]","[[(1, 1), (0, 0)], [(0, 0), (1, 1)]]",50,600,0.02,0.0002,0.0002,0.0,1.0,5,1,1.0,600,0,0.0,1.0,0.0,0.0,0.96,1.0,0.04,0.02,0.94,0.0,0.52,0.48
"[[1, 0], [0, 1]]","[[(1, 1), (0, 0)], [(0, 0), (1, 1)]]",50,600,0.02,0.0002,0.0002,0.0,1.0,5,1,1.0,600,0,0.0,1.0,0.0,0.0,0.005,1.0,0.0,0.02,0.0,0.98,0.98,0.02
"[[1, 0], [0, 1]]","[[(1, 1), (0, 0)], [(0, 0), (1, 1)]]",50,600,0.02,0.0002,0.0002,0.0,1.0,5,1,1.0,600,0,0.0,1.0,0.0,0.0,1.0,1.0,0.0,0.0,1.0,0.0,0.42,0.58
"[[1, 0], [0, 1]]","[[(1, 1), (0, 0)], [(0, 0), (1, 1)]]",50,600,0.02,0.0002,0.0002,0.0,1.0,5,1,1.0,600,0,0.0,1.0,0.0,0.0,0.98,1.0,0.1,0.0,0.9,0.0,0.62,0.38
"[[1, 0], [0, 1]]","[[(1, 1), (0, 0)], [(0, 0), (1, 1)]]",50,600,0.02,0.0002,0.0002,0.0,1.0,5,1,1.0,600,0,0.0,1.0,0.0,0.0,0.97,1.0,0.04,0.0,0.94,0.02,0.68,0.32
"[[1, 0], [0, 1]]","[[(1, 1), (0, 0)], [(0, 0), (1, 1)]]",50,500,0.02,0.0002,0.0002,0.0,1.0,5,1,1.0,500,0,0.0,1.0,0.0,0.0,1.0,1.0,0.04,0.96,0.0,0.0,0.62,0.38
"[[1, 0], [0, 1]]","[[(1, 1), (0, 0)], [(0, 0), (1, 1)]]",50,500,0.02,0.0002,0.0002,0.0,1.0,5,1,1.0,500,0,0.0,1.0,0.0,0.0,0.975,1.0,0.0,0.98,0.02,0.0,0.46,0.54
"[[1, 0], [0, 1]]","[[(1, 1), (0, 0)], [(0, 0), (1, 1)]]",50,500,0.02,0.0002,0.0002,0.0,1.0,5,1,1.0,500,0,0.0,1.0,0.0,0.0,1.0,1.0,0.0,0.0,1.0,0.0,0.58,0.42
"[[1, 0], [0, 1]]","[[(1, 1), (0, 0)], [(0, 0), (1, 1)]]",50,500,0.02,0.0002,0.0002,0.0,1.0,5,1,1.0,500,0,0.0,1.0,0.0,0.0,0.97,1.0,0.0,0.98,0.02,0.0,0.26,0.74
"[[1, 0], [0, 1]]","[[(1, 1), (0, 0)], [(0, 0), (1, 1)]]",50,500,0.02,0.0002,0.0002,0.0,1.0,5,1,1.0,500,0,0.0,1.0,0.0,0.0,0.0,1.0,0.0,0.0,0.06,0.94,0.58,0.42
"[[1, 0], [0, 1]]","[[(1, 1), (0, 0)], [(0, 0), (1, 1)]]",50,500,0.02,0.0002,0.0002,0.0,1.0,5,1,1.0,500,0,0.0,1.0,0.0,0.0,0.04,1.0,0.0,0.02,0.06,0.92,0.3,0.7
"[[1, 0], [0, 1]]","[[(1, 1), (0, 0)], [(0, 0), (1, 1)]]",50,500,0.02,0.0002,0.0002,0.0,1.0,5,1,1.0,500,0,0.0,1.0,0.0,0.0,0.945,1.0,0.04,0.0,0.94,0.02,0.18,0.82
"[[1, 0], [0, 1]]","[[(1, 1), (0, 0)], [(0, 0), (1, 1)]]",50,500,0.02,0.0002,0.0002,0.0,1.0,5,1,1.0,500,0,0.0,1.0,0.0,0.0,0.01,1.0,0.0,0.0,0.02,0.98,0.48,0.52
"[[1, 0], [0, 1]]","[[(1, 1), (0, 0)], [(0, 0), (1, 1)]]",50,500,0.02,0.0002,0.0002,0.0,1.0,5,1,1.0,500,0,0.0,1.0,0.0,0.0,0.97,1.0,0.08,0.9,0.0,0.02,0.74,0.26
"[[1, 0], [0, 1]]","[[(1, 1), (0, 0)], [(0, 0), (1, 1)]]",50,500,0.02,0.0002,0.0002,0.0,1.0,5,1,1.0,500,0,0.0,1.0,0.0,0.0,1.0,1.0,0.02,0.98,0.0,0.0,0.82,0.18
"[[1, 0], [0, 1]]","[[(1, 1), (0, 0)], [(0, 0), (1, 1)]]",50,500,0.02,0.0002,0.0002,0.0,1.0,5,1,1.0,500,0,0.0,1.0,0.0,0.0,1.0,1.0,0.06,0.94,0.0,0.0,0.66,0.34
"[[1, 0], [0, 1]]","[[(1, 1), (0, 0)], [(0, 0), (1, 1)]]",50,500,0.02,0.0002,0.0002,0.0,1.0,5,1,1.0,500,0,0.0,1.0,0.0,0.0,0.015,1.0,0.0,0.0,0.02,0.98,0.68,0.32
"[[1, 0], [0, 1]]","[[(1, 1), (0, 0)], [(0, 0), (1, 1)]]",50,500,0.02,0.0002,0.0002,0.0,1.0,5,1,1.0,500,0,0.0,1.0,0.0,0.0,1.0,1.0,0.0,0.0,1.0,0.0,0.62,0.38
"[[1, 0], [0, 1]]","[[(1, 1), (0, 0)], [(0, 0), (1, 1)]]",50,500,0.02,0.0002,0.0002,0.0,1.0,5,1,1.0,500,0,0.0,1.0,0.0,0.0,0.02,1.0,0.0,0.02,0.0,0.98,0.74,0.26
"[[1, 0], [0, 1]]","[[(1, 1), (0, 0)], [(0, 0), (1, 1)]]",50,500,0.02,0.0002,0.0002,0.0,1.0,5,1,1.0,500,0,0.0,1.0,0.0,0.0,0.015,1.0,0.0,0.02,0.02,0.96,0.44,0.56
"[[1, 0], [0, 1]]","[[(1, 1), (0, 0)], [(0, 0), (1, 1)]]",50,500,0.02,0.0002,0.0002,0.0,1.0,5,1,1.0,500,0,0.0,1.0,0.0,0.0,1.0,1.0,0.06,0.94,0.0,0.0,0.26,0.74
"[[1, 0], [0, 1]]","[[(1, 1), (0, 0)], [(0, 0), (1, 1)]]",50,500,0.02,0.0002,0.0002,0.0,1.0,5,1,1.0,500,0,0.0,1.0,0.0,0.0,1.0,1.0,0.0,0.0,1.0,0.0,0.56,0.44
"[[1, 0], [0, 1]]","[[(1, 1), (0, 0)], [(0, 0), (1, 1)]]",50,500,0.02,0.0002,0.0002,0.0,1.0,5,1,1.0,500,0,0.0,1.0,0.0,0.0,0.995,1.0,0.1,0.9,0.0,0.0,0.38,0.62
"[[1, 0], [0, 1]]","[[(1, 1), (0, 0)], [(0, 0), (1, 1)]]",50,500,0.02,0.0002,0.0002,0.0,1.0,5,1,1.0,500,0,0.0,1.0,0.0,0.0,0.0,1.0,0.0,0.0,0.0,1.0,0.18,0.82
"[[1, 0], [0, 1]]","[[(1, 1), (0, 0)], [(0, 0), (1, 1)]]",50,500,0.02,0.0002,0.0002,0.0,1.0,5,1,1.0,500,0,0.0,1.0,0.0,0.0,0.02,1.0,0.0,0.0,0.04,0.96,0.6,0.4
"[[1, 0], [0, 1]]","[[(1, 1), (0, 0)], [(0, 0), (1, 1)]]",50,500,0.02,0.0002,0.0002,0.0,1.0,5,1,1.0,500,0,0.0,1.0,0.0,0.0,1.0,1.0,0.0,1.0,0.0,0.0,0.62,0.38
"[[1, 0], [0, 1]]","[[(1, 1), (0, 0)], [(0, 0), (1, 1)]]",50,500,0.02,0.0002,0.0002,0.0,1.0,5,1,1.0,500,0,0.0,1.0,0.0,0.0,0.0,1.0,0.0,0.0,0.0,1.0,0.38,0.62
"[[1, 0], [0, 1]]","[[(1, 1), (0, 0)], [(0, 0), (1, 1)]]",50,500,0.02,0.0002,0.0002,0.0,1.0,5,1,1.0,500,0,0.0,1.0,0.0,1.0,0.005,1.0,0.0,0.02,0.02,0.96,0.56,0.44
"[[1, 0], [0, 1]]","[[(1, 1), (0, 0)], [(0, 0), (1, 1)]]",50,500,0.02,0.0002,0.0002,0.0,1.0,5,1,1.0,500,0,0.0,1.0,0.0,1.0,0.0,1.0,0.0,0.0,0.0,1.0,0.96,0.04
"[[1, 0], [0, 1]]","[[(1, 1), (0, 0)], [(0, 0), (1, 1)]]",50,500,0.02,0.0002,0.0002,0.0,1.0,5,1,1.0,500,0,0.0,1.0,0.0,1.0,0.005,1.0,0.0,0.0,0.02,0.98,0.72,0.28
"[[1, 0], [0, 1]]","[[(1, 1), (0, 0)], [(0, 0), (1, 1)]]",50,500,0.02,0.0002,0.0002,0.0,1.0,5,1,1.0,500,0,0.0,1.0,0.0,1.0,0.02,1.0,0.0,0.02,0.02,0.96,0.32,0.68
"[[1, 0], [0, 1]]","[[(1, 1), (0, 0)], [(0, 0), (1, 1)]]",50,500,0.02,0.0002,0.0002,0.0,1.0,5,1,1.0,500,0,0.0,1.0,0.0,1.0,0.005,1.0,0.02,0.0,0.0,0.98,0.34,0.66
"[[1, 0], [0, 1]]","[[(1, 1), (0, 0)], [(0, 0), (1, 1)]]",50,500,0.02,0.0002,0.0002,0.0,1.0,5,1,1.0,500,0,0.0,1.0,0.0,1.0,0.0,1.0,0.0,0.0,0.0,1.0,0.78,0.22
"[[1, 0], [0, 1]]","[[(1, 1), (0, 0)], [(0, 0), (1, 1)]]",50,500,0.02,0.0002,0.0002,0.0,1.0,5,1,1.0,500,0,0.0,1.0,0.0,1.0,0.005,1.0,0.0,0.0,0.02,0.98,0.7,0.3
"[[1, 0], [0, 1]]","[[(1, 1), (0, 0)], [(0, 0), (1, 1)]]",50,500,0.02,0.0002,0.0002,0.0,1.0,5,1,1.0,500,0,0.0,1.0,0.0,1.0,0.0,1.0,0.0,0.0,0.0,1.0,0.62,0.38
"[[1, 0], [0, 1]]","[[(1, 1), (0, 0)], [(0, 0), (1, 1)]]",50,500,0.02,0.0002,0.0002,0.0,1.0,5,1,1.0,500,0,0.0,1.0,0.0,1.0,0.115,1.0,0.0,0.02,0.0,0.98,0.38,0.62
"[[1, 0], [0, 1]]","[[(1, 1), (0, 0)], [(0, 0), (1, 1)]]",50,500,0.02,0.0002,0.0002,0.0,1.0,5,1,1.0,500,0,0.0,1.0,0.0,1.0,0.08,1.0,0.02,0.0,0.0,0.98,0.62,0.38
"[[1, 0], [0, 1]]","[[(1, 1), (0, 0)], [(0, 0), (1, 1)]]",50,500,0.02,0.0002,0.0002,0.0,1.0,5,1,1.0,500,0,0.0,1.0,0.0,1.0,0.005,1.0,0.0,0.02,0.0,0.98,0.46,0.54
"[[1, 0], [0, 1]]","[[(1, 1), (0, 0)], [(0, 0), (1, 1)]]",50,500,0.02,0.0002,0.0002,0.0,1.0,5,1,1.0,500,0,0.0,1.0,0.0,1.0,0.98,1.0,0.0,0.04,0.96,0.0,0.78,0.22
"[[1, 0], [0, 1]]","[[(1, 1), (0, 0)], [(0, 0), (1, 1)]]",50,500,0.02,0.0002,0.0002,0.0,1.0,5,1,1.0,500,0,0.0,1.0,0.0,1.0,0.03,1.0,0.0,0.02,0.02,0.96,0.26,0.74
"[[1, 0], [0, 1]]","[[(1, 1), (0, 0)], [(0, 0), (1, 1)]]",50,500,0.02,0.0002,0.0002,0.0,1.0,5,1,1.0,500,0,0.0,1.0,0.0,1.0,0.01,1.0,0.04,0.0,0.0,0.96,0.3,0.7
"[[1, 0], [0, 1]]","[[(1, 1), (0, 0)], [(0, 0), (1, 1)]]",50,500,0.02,0.0002,0.0002,0.0,1.0,5,1,1.0,500,0,0.0,1.0,0.0,1.0,nan,1.0,0.02,0.02,0.0,0.96,0.8,0.2
"[[1, 0], [0, 1]]","[[(1, 1), (0, 0)], [(0, 0), (1, 1)]]",50,500,0.02,0.0002,0.0002,0.0,1.0,5,1,1.0,500,0,0.0,1.0,0.0,1.0,0.01,1.0,0.02,0.0,0.0,0.98,0.88,0.12
"[[1, 0], [0, 1]]","[[(1, 1), (0, 0)], [(0, 0), (1, 1)]]",50,500,0.02,0.0002,0.0002,0.0,1.0,5,1,1.0,500,0,0.0,1.0,0.0,1.0,0.9,1.0,0.0,0.0,0.92,0.08,0.92,0.08
"[[1, 0], [0, 1]]","[[(1, 1), (0, 0)], [(0, 0), (1, 1)]]",50,500,0.02,0.0002,0.0002,0.0,1.0,5,1,1.0,500,0,0.0,1.0,0.0,1.0,0.0,1.0,0.0,0.0,0.0,1.0,0.9,0.1
"[[1, 0], [0, 1]]","[[(1, 1), (0, 0)], [(0, 0), (1, 1)]]",50,500,0.02,0.0002,0.0002,0.0,1.0,5,1,1.0,500,0,0.0,1.0,0.0,1.0,0.97,1.0,0.02,0.02,0.94,0.02,0.26,0.74
"[[1, 0], [0, 1]]","[[(1, 1), (0, 0)], [(0, 0), (1, 1)]]",50,500,0.02,0.0002,0.0002,0.0,1.0,5,1,1.0,500,0,0.0,1.0,0.0,1.0,1.0,1.0,0.02,0.0,0.98,0.0,0.22,0.78
"[[1, 0], [0, 1]]","[[(1, 1), (0, 0)], [(0, 0), (1, 1)]]",50,500,0.02,0.0002,0.0002,0.0,1.0,5,1,1.0,500,0,0.0,1.0,0.0,1.0,0.005,1.0,0.02,0.0,0.0,0.98,0.98,0.02
"[[1, 0], [0, 1]]","[[(1, 1), (0, 0)], [(0, 0), (1, 1)]]",50,1000,0.2,0.0002,0.0002,0.0,1.0,5,1,1.0,1000,0,0.0,1.0,0.0,1.0,nan,1.0,0.04,0.06,0.78,0.12,0.38,0.62
"[[1, 0], [0, 1]]","[[(1, 1), (0, 0)], [(0, 0), (1, 1)]]",50,1000,0.2,0.0002,0.0002,0.0,1.0,5,1,1.0,1000,0,0.0,1.0,0.0,1.0,0.525,1.0,0.04,0.0,0.86,0.1,0.9,0.1
"[[1, 0], [0, 1]]","[[(1, 1), (0, 0)], [(0, 0), (1, 1)]]",50,1000,0.2,0.0002,0.0002,0.0,1.0,5,1,1.0,1000,0,0.0,1.0,0.0,1.0,0.885,1.0,0.1,0.04,0.78,0.08,0.56,0.44
"[[1, 0], [0, 1]]","[[(1, 1), (0, 0)], [(0, 0), (1, 1)]]",50,1000,0.2,0.0002,0.0002,0.0,1.0,5,1,1.0,1000,0,0.0,1.0,0.0,1.0,0.49,1.0,0.12,0.06,0.78,0.04,0.54,0.46
"[[1, 0], [0, 1]]","[[(1, 1), (0, 0)], [(0, 0), (1, 1)]]",50,1000,0.2,0.0002,0.0002,0.0,1.0,5,1,1.0,1000,0,0.0,1.0,0.0,1.0,0.89,1.0,0.04,0.02,0.84,0.1,0.54,0.46
"[[1, 0], [0, 1]]","[[(1, 1), (0, 0)], [(0, 0), (1, 1)]]",50,1000,0.2,0.0002,0.0002,0.0,1.0,5,1,1.0,1000,0,0.0,1.0,0.0,1.0,0.915,1.0,0.08,0.04,0.82,0.06,0.84,0.16
"[[1, 0], [0, 1]]","[[(1, 1), (0, 0)], [(0, 0), (1, 1)]]",50,1000,0.2,0.0002,0.0002,0.0,1.0,5,1,1.0,1000,0,0.0,1.0,0.0,1.0,0.83,1.0,0.08,0.06,0.74,0.12,0.34,0.66
"[[1, 0], [0, 1]]","[[(1, 1), (0, 0)], [(0, 0), (1, 1)]]",50,1000,0.2,0.0002,0.0002,0.0,1.0,5,1,1.0,1000,0,0.0,1.0,0.0,1.0,0.505,1.0,0.1,0.06,0.78,0.06,0.2,0.8
"[[1, 0], [0, 1]]","[[(1, 1), (0, 0)], [(0, 0), (1, 1)]]",50,1000,0.2,0.0002,0.0002,0.0,1.0,5,1,1.0,1000,0,0.0,1.0,0.0,1.0,0.39,1.0,0.08,0.04,0.34,0.54,0.4,0.6
"[[1, 0], [0, 1]]","[[(1, 1), (0, 0)], [(0, 0), (1, 1)]]",50,1000,0.2,0.0002,0.0002,0.0,1.0,5,1,1.0,1000,0,0.0,1.0,0.0,1.0,0.83,1.0,0.04,0.08,0.84,0.04,0.56,0.44
"[[1, 0], [0, 1]]","[[(1, 1), (0, 0)], [(0, 0), (1, 1)]]",50,1000,0.2,0.0002,0.0002,0.0,1.0,5,1,1.0,1000,0,0.0,1.0,0.0,1.0,nan,1.0,0.1,0.7,0.02,0.18,0.6,0.4
"[[1, 0], [0, 1]]","[[(1, 1), (0, 0)], [(0, 0), (1, 1)]]",50,1000,0.02,0.0002,0.0002,0.0,1.0,5,1,1.0,1000,0,0.0,1.0,0.0,1.0,0.99,1.0,0.0,0.98,0.0,0.02,0.48,0.52
"[[1, 0], [0, 1]]","[[(1, 1), (0, 0)], [(0, 0), (1, 1)]]",50,500,0.02,0.0002,0.0002,0.0,1.0,5,1,1.0,500,0,0.0,1.0,0.0,1.0,0.968,1.0,0.1,0.02,0.86,0.02,0.14,0.86
"[[1, 0], [0, 1]]","[[(1, 1), (0, 0)], [(0, 0), (1, 1)]]",50,500,0.02,0.0002,0.0002,0.0,1.0,5,1,1.0,500,0,0.0,1.0,0.0,1.0,0.96,1.0,0.0,0.0,0.96,0.04,0.96,0.04
"[[1, 0], [0, 1]]","[[(1, 1), (0, 0)], [(0, 0), (1, 1)]]",50,500,0.02,0.0002,0.0002,0.0,1.0,5,1,1.0,500,0,0.0,1.0,0.0,1.0,0.951,1.0,0.02,0.94,0.02,0.02,0.94,0.06
"[[1, 0], [0, 1]]","[[(1, 1), (0, 0)], [(0, 0), (1, 1)]]",50,500,0.02,0.0002,0.0002,0.0,1.0,5,1,1.0,500,0,0.0,1.0,0.0,1.0,0.017,1.0,0.0,0.02,0.0,0.98,0.98,0.02
"[[1, 0], [0, 1]]","[[(1, 1), (0, 0)], [(0, 0), (1, 1)]]",50,500,0.02,0.0002,0.0002,0.0,1.0,5,1,1.0,500,0,0.0,1.0,0.0,1.0,0.955,1.0,0.0,0.02,0.98,0.0,0.02,0.98
"[[1, 0], [0, 1]]","[[(1, 1), (0, 0)], [(0, 0), (1, 1)]]",50,500,0.02,0.0002,0.0002,0.0,1.0,5,1,1.0,500,0,0.0,1.0,0.0,1.0,0.999,1.0,0.02,0.98,0.0,0.0,0.98,0.02
"[[1, 0], [0, 1]]","[[(1, 1), (0, 0)], [(0, 0), (1, 1)]]",50,500,0.02,0.0002,0.0002,0.0,1.0,5,1,1.0,500,0,0.0,1.0,0.0,1.0,1.0,1.0,0.0,1.0,0.0,0.0,0.0,1.0
"[[1, 0], [0, 1]]","[[(1, 1), (0, 0)], [(0, 0), (1, 1)]]",50,500,0.02,0.0002,0.0002,0.0,1.0,5,1,1.0,500,0,0.0,1.0,0.0,1.0,1.0,1.0,0.02,0.98,0.0,0.0,0.98,0.02
"[[1, 0], [0, 1]]","[[(1, 1), (0, 0)], [(0, 0), (1, 1)]]",50,500,0.02,0.0002,0.0002,0.0,1.0,5,1,1.0,500,0,0.0,1.0,0.0,1.0,0.97,1.0,0.1,0.9,0.0,0.0,0.9,0.1
"[[1, 0], [0, 1]]","[[(1, 1), (0, 0)], [(0, 0), (1, 1)]]",50,500,0.02,0.0002,0.0002,0.0,1.0,5,1,1.0,500,0,0.0,1.0,0.0,1.0,0.974,1.0,0.02,0.98,0.0,0.0,0.02,0.98
"[[1, 0], [0, 1]]","[[(1, 1), (0, 0)], [(0, 0), (1, 1)]]",50,500,0.02,0.0002,0.0002,0.0,1.0,5,1,1.0,500,0,0.0,1.0,0.0,1.0,0.704,0.99,0.0,0.02,0.66,0.32,0.82,0.18
"[[1, 0], [0, 1]]","[[(1, 1), (0, 0)], [(0, 0), (1, 1)]]",50,500,0.02,0.0002,0.0002,0.0,1.0,5,1,1.0,500,0,0.0,1.0,0.0,1.0,0.616,1.0,0.0,0.26,0.24,0.5,0.56,0.44
"[[1, 0], [0, 1]]","[[(1, 1), (0, 0)], [(0, 0), (1, 1)]]",50,500,0.02,0.0002,0.0002,0.0,1.0,5,1,1.0,500,0,0.0,1.0,0.0,1.0,0.562,1.0,0.0,0.06,0.06,0.88,0.88,0.12
"[[1, 0], [0, 1]]","[[(1, 1), (0, 0)], [(0, 0), (1, 1)]]",50,500,0.02,0.0002,0.0002,0.0,1.0,5,1,1.0,500,0,0.0,1.0,0.0,1.0,0.615,1.0,0.0,0.02,0.0,0.98,0.98,0.02
"[[1, 0], [0, 1]]","[[(1, 1), (0, 0)], [(0, 0), (1, 1)]]",50,500,0.02,0.0002,0.0002,0.0,1.0,5,1,1.0,500,0,0.0,1.0,0.0,1.0,0.659,0.984,0.0,0.4,0.34,0.26,0.72,0.28
"[[1, 0], [0, 1]]","[[(1, 1), (0, 0)], [(0, 0), (1, 1)]]",50,500,0.02,0.0002,0.0002,0.0,1.0,5,1,1.0,500,0,0.0,1.0,0.0,1.0,0.588,0.985,0.06,0.02,0.22,0.7,0.7,0.3
"[[1, 0], [0, 1]]","[[(1, 1), (0, 0)], [(0, 0), (1, 1)]]",50,500,0.02,0.0002,0.0002,0.0,1.0,5,1,1.0,500,0,0.0,1.0,0.0,1.0,0.596,0.982,0.0,0.12,0.12,0.76,0.56,0.44
"[[1, 0], [0, 1]]","[[(1, 1), (0, 0)], [(0, 0), (1, 1)]]",50,500,0.02,0.0002,0.0002,0.0,1.0,5,1,1.0,500,0,0.0,1.0,0.0,1.0,0.629,0.988,0.02,0.02,0.54,0.42,0.44,0.56
"[[1, 0], [0, 1]]","[[(1, 1), (0, 0)], [(0, 0), (1, 1)]]",50,500,0.02,0.0002,0.0002,0.0,1.0,5,1,1.0,500,0,0.0,1.0,0.0,1.0,0.559,1.0,0.0,0.08,0.18,0.74,0.66,0.34
"[[1, 0], [0, 1]]","[[(1, 1), (0, 0)], [(0, 0), (1, 1)]]",50,500,0.02,0.0002,0.0002,0.0,1.0,5,1,1.0,500,0,0.0,1.0,0.0,1.0,0.593,0.983,0.02,0.0,0.26,0.72,0.72,0.28
"[[1, 0], [0, 1]]","[[(1, 1), (0, 0)], [(0, 0), (1, 1)]]",50,500,0.02,0.0002,0.0002,0.0,1.0,5,1,1.0,500,0,0.0,1.0,0.0,1.0,0.599,1.0,0.0,0.04,0.02,0.94,0.94,0.06
"[[1, 0], [0, 1]]","[[(1, 1), (0, 0)], [(0, 0), (1, 1)]]",50,500,0.02,0.0002,0.0002,0.0,1.0,5,1,1.0,500,0,0.0,1.0,0.0,0.0,0.626,0.98,0.0,0.38,0.04,0.58,0.58,0.42
"[[0, 0], [0, 0]]","[[(1, 1), (0, 0)], [(0, 0), (1, 1)]]",50,500,0.02,0.0002,0.0002,0.0,1.0,5,1,1.0,500,0,0.0,1.0,0.0,0.0,0.647,1.0,0.02,0.92,0.0,0.06,0.08,0.92
"[[0, 0], [0, 0]]","[[(1, 1), (0, 0)], [(0, 1), (0, 1)]]",50,500,0.02,0.0002,0.0002,0.0,1.0,5,1,1.0,500,0,0.0,1.0,0.0,0.0,0.687,1.0,0.0,0.18,0.02,0.8,0.8,0.2
"[[0, 0], [0, 0]]","[[(1, 1), (0, 0)], [(0, 1), (0, 1)]]",50,500,0.02,0.0002,0.0002,0.0,1.0,5,1,1.0,500,0,0.0,1.0,0.0,0.0,0.672,1.0,0.0,0.1,0.04,0.86,0.86,0.14
"[[0, 0], [0, 0]]","[[(1, 1), (0, 0)], [(0, 1), (0, 1)]]",50,500,0.02,0.0002,0.0002,0.0,1.0,5,1,1.0,500,0,0.0,1.0,0.0,0.0,0.756,1.0,0.02,0.72,0.0,0.26,0.28,0.72
"[[0, 0], [0, 0]]","[[(1, 1), (0, 0)], [(0, 1), (0, 1)]]",50,500,0.02,0.0002,0.0002,0.0,1.0,5,1,1.0,500,0,0.0,1.0,0.0,0.0,0.645,1.0,0.02,0.26,0.02,0.7,0.7,0.3
"[[0, 0], [0, 0]]","[[(1, 1), (0, 0)], [(0, 1), (0, 1)]]",50,500,0.02,0.0002,0.0002,0.0,1.0,5,1,1.0,500,0,0.0,1.0,0.0,0.0,0.695,1.0,0.02,0.6,0.0,0.38,0.6,0.4
"[[0, 0], [0, 0]]","[[(1, 1), (0, 0)], [(0, 1), (0, 1)]]",50,500,0.02,0.0002,0.0002,0.0,1.0,5,1,1.0,500,0,0.0,1.0,0.0,0.0,0.625,1.0,0.0,0.42,0.02,0.56,0.58,0.42
"[[0, 0], [0, 0]]","[[(1, 1), (0, 0)], [(0, 1), (0, 1)]]",50,500,0.02,0.0002,0.0002,0.0,1.0,5,1,1.0,500,0,0.0,1.0,0.0,0.0,0.681,1.0,0.04,0.86,0.0,0.1,0.14,0.86
"[[0, 0], [0, 0]]","[[(1, 1), (0, 0)], [(0, 1), (0, 1)]]",50,500,0.02,0.0002,0.0002,0.0,1.0,5,1,1.0,500,0,0.0,1.0,0.0,0.0,0.565,1.0,0.02,0.48,0.02,0.48,0.4,0.6
"[[0, 0], [0, 0]]","[[(1, 1), (0, 0)], [(0, 1), (0, 1)]]",50,500,0.02,0.0002,0.0002,0.0,1.0,5,1,1.0,500,0,0.0,1.0,0.0,0.0,0.619,1.0,0.06,0.5,0.02,0.42,0.48,0.52
"[[0, 0], [0, 0]]","[[(1, 1), (0, 0)], [(0, 1), (0, 1)]]",50,500,0.02,0.0002,0.0002,0.0,1.0,5,1,1.0,500,0,0.0,1.0,0.0,0.0,0.725,1.0,0.0,0.8,0.0,0.2,0.8,0.2
"[[0, 0], [0, 0]]","[[(1, 1), (0, 0)], [(0, 1), (0, 1)]]",50,500,0.02,0.0002,0.0002,0.0,1.0,5,1,1.0,500,0,0.0,1.0,0.0,0.0,0.49,1.0,0.0,0.86,0.0,0.14,0.14,0.86
"[[0, 0], [0, 0]]","[[(1, 1), (0, 0)], [(0, 1), (0, 1)]]",50,500,0.02,0.0002,0.0002,0.0,1.0,5,1,1.0,500,0,0.0,1.0,0.0,0.0,0.706,1.0,0.04,0.56,0.02,0.38,0.38,0.62
"[[0, 0], [0, 0]]","[[(1, 1), (0, 0)], [(0, 1), (0, 1)]]",50,500,0.02,0.0002,0.0002,0.0,1.0,5,1,1.0,500,0,0.0,1.0,0.0,0.0,0.528,1.0,0.0,0.64,0.02,0.34,0.64,0.36
"[[0, 0], [0, 0]]","[[(1, 1), (0, 0)], [(0, 1), (0, 1)]]",50,500,0.02,0.0002,0.0002,0.0,1.0,5,1,1.0,500,0,0.0,1.0,0.0,0.0,0.685,1.0,0.02,0.14,0.08,0.76,0.16,0.84
"[[0, 0], [0, 0]]","[[(1, 1), (0, 0)], [(0, 1), (0, 1)]]",50,500,0.02,0.0002,0.0002,0.0,1.0,5,1,1.0,500,0,0.0,1.0,0.0,0.0,0.575,1.0,0.02,0.36,0.02,0.6,0.62,0.38
"[[0, 0], [0, 0]]","[[(1, 1), (0, 0)], [(0, 1), (0, 1)]]",50,500,0.02,0.0002,0.0002,0.0,1.0,5,1,1.0,500,0,0.0,1.0,0.0,0.0,0.64,1.0,0.0,0.92,0.0,0.08,0.92,0.08
"[[0, 0], [0, 0]]","[[(1, 1), (0, 0)], [(0, 1), (0, 1)]]",50,500,0.02,0.0002,0.0002,0.0,1.0,5,1,1.0,500,0,0.0,1.0,0.0,0.0,0.565,1.0,0.0,0.46,0.04,0.5,0.6,0.4
"[[0, 0], [0, 0]]","[[(1, 1), (0, 0)], [(0, 1), (0, 1)]]",50,500,0.02,0.0002,0.0002,0.0,1.0,5,1,1.0,500,0,0.0,1.0,0.0,0.0,0.6,1.0,0.0,0.44,0.04,0.52,0.48,0.52
"[[0, 0], [0, 0]]","[[(1, 1), (0, 0)], [(0, 1), (0, 1)]]",50,500,0.02,0.0002,0.0002,0.0,1.0,5,1,1.0,500,0,0.0,1.0,0.0,0.0,0.657,1.0,0.0,0.48,0.04,0.48,0.48,0.52
"[[0, 0], [0, 0]]","[[(1, 1), (0, 0)], [(0, 1), (0, 1)]]",50,500,0.02,0.0002,0.0002,0.0,1.0,5,1,1.0,500,0,0.0,1.0,0.0,0.0,0.485,1.0,0.0,0.76,0.0,0.24,0.76,0.24
"[[0, 0], [0, 0]]","[[(1, 1), (0, 0)], [(0, 1), (0, 1)]]",50,500,0.02,0.0002,0.0002,0.0,1.0,5,1,1.0,500,0,0.0,1.0,0.0,0.0,0.585,1.0,0.0,0.42,0.02,0.56,0.58,0.42
"[[0, 0], [0, 0]]","[[(1, 1), (0, 0)], [(0, 1), (0, 1)]]",50,500,0.02,0.0002,0.0002,0.0,1.0,5,1,1.0,500,0,0.0,1.0,0.0,0.0,0.724,1.0,0.0,0.86,0.0,0.14,0.14,0.86
"[[0, 0], [0, 0]]","[[(1, 1), (0, 0)], [(0, 1), (0, 1)]]",50,500,0.02,0.0002,0.0002,0.0,1.0,5,1,1.0,500,0,0.0,1.0,0.0,0.0,0.77,1.0,0.02,0.42,0.0,0.56,0.56,0.44
"[[0, 0], [0, 0]]","[[(1, 1), (0, 0)], [(0, 1), (0, 1)]]",50,500,0.02,0.0002,0.0002,0.0,1.0,5,1,1.0,500,0,0.0,1.0,0.0,0.0,0.56,1.0,0.0,0.5,0.0,0.5,0.5,0.5
"[[0, 0], [0, 0]]","[[(1, 1), (0, 0)], [(0, 1), (0, 1)]]",50,500,0.02,0.0002,0.0002,0.0,1.0,5,1,1.0,500,0,0.0,1.0,0.0,0.0,0.63,1.0,0.0,0.28,0.0,0.72,0.72,0.28
"[[0, 0], [0, 0]]","[[(1, 1), (0, 0)], [(0, 1), (0, 1)]]",50,500,0.02,0.0002,0.0002,0.0,1.0,5,1,1.0,500,0,0.0,1.0,0.0,0.0,0.659,1.0,0.0,0.72,0.04,0.24,0.28,0.72
"[[0, 0], [0, 0]]","[[(1, 1), (0, 0)], [(0, 1), (0, 1)]]",50,500,0.02,0.0002,0.0002,0.0,1.0,5,1,1.0,500,0,0.0,1.0,0.0,0.0,0.601,1.0,0.0,0.46,0.0,0.54,0.46,0.54
"[[0, 0], [0, 0]]","[[(1, 1), (0, 0)], [(0, 1), (0, 1)]]",50,500,0.02,0.0002,0.0002,0.0,1.0,5,1,1.0,500,0,0.0,1.0,0.0,0.0,0.727,1.0,0.04,0.8,0.0,0.16,0.18,0.82
"[[0, 0], [0, 0]]","[[(1, 1), (0, 0)], [(0, 1), (0, 1)]]",50,500,0.02,0.0002,0.0002,0.0,1.0,5,1,1.0,500,0,0.0,1.0,0.0,0.0,0.671,1.0,0.0,0.76,0.0,0.24,0.76,0.24
"[[0, 0], [0, 0]]","[[(1, 1), (0, 0)], [(0, 1), (0, 1)]]",50,500,0.02,0.0002,0.0002,0.0,1.0,5,1,1.0,500,0,0.0,1.0,0.0,0.0,0.649,1.0,0.0,0.48,0.0,0.52,0.48,0.52
"[[0, 0], [0, 0]]","[[(1, 0), (0, 0)], [(0, 0), (1, 0)]]",50,500,0.02,0.0002,0.0002,0.0,1.0,5,1,1.0,500,0,0.0,1.0,0.0,0.0,0.641,1.0,0.0,0.22,0.04,0.74,0.38,0.62
"[[0, 0], [0, 0]]","[[(1, 0), (0, 0)], [(0, 0), (1, 0)]]",50,500,0.02,0.0002,0.0002,0.0,1.0,5,1,1.0,500,0,0.0,1.0,0.0,0.0,0.55,1.0,0.0,0.5,0.0,0.5,0.48,0.52
"[[0, 0], [0, 0]]","[[(1, 0), (0, 0)], [(0, 0), (1, 0)]]",50,500,0.02,0.0002,0.0002,0.0,1.0,5,1,1.0,500,0,0.0,1.0,0.0,0.0,0.672,1.0,0.0,0.86,0.0,0.14,0.86,0.14
"[[0, 0], [0, 0]]","[[(1, 0), (0, 0)], [(0, 0), (1, 0)]]",50,500,0.02,0.0002,0.0002,0.0,1.0,5,1,1.0,500,0,0.0,1.0,0.0,0.0,0.624,1.0,0.02,0.54,0.0,0.44,0.56,0.44
"[[0, 0], [0, 0]]","[[(1, 0), (0, 0)], [(0, 0), (1, 0)]]",50,500,0.02,0.0002,0.0002,0.0,1.0,5,1,1.0,500,0,0.0,1.0,0.0,0.0,0.666,1.0,0.0,0.38,0.04,0.58,0.62,0.38
"[[0, 0], [0, 0]]","[[(1, 0), (0, 0)], [(0, 0), (1, 0)]]",50,500,0.02,0.0002,0.0002,0.0,1.0,5,1,1.0,500,0,0.0,1.0,0.0,0.0,0.635,1.0,0.0,0.04,0.0,0.96,0.96,0.04
"[[0, 0], [0, 0]]","[[(1, 0), (0, 0)], [(0, 0), (1, 0)]]",50,500,0.02,0.0002,0.0002,0.0,1.0,5,1,1.0,500,0,0.0,1.0,0.0,0.0,0.659,1.0,0.04,0.28,0.0,0.68,0.28,0.72
"[[0, 0], [0, 0]]","[[(1, 0), (0, 0)], [(0, 0), (1, 0)]]",50,500,0.02,0.0002,0.0002,0.0,1.0,5,1,1.0,500,0,0.0,1.0,0.0,0.0,0.701,1.0,0.04,0.48,0.0,0.48,0.5,0.5
"[[0, 0], [0, 0]]","[[(1, 0), (0, 0)], [(0, 0), (1, 0)]]",50,500,0.02,0.0002,0.0002,0.0,1.0,5,1,1.0,500,0,0.0,1.0,0.0,0.0,0.755,1.0,0.0,0.2,0.0,0.8,0.04,0.96
"[[0, 0], [0, 0]]","[[(1, 0), (0, 0)], [(0, 0), (1, 0)]]",50,500,0.02,0.0002,0.0002,0.0,1.0,5,1,1.0,500,0,0.0,1.0,0.0,0.0,0.6,1.0,0.0,0.62,0.0,0.38,0.38,0.62
"[[0, 0], [0, 0]]","[[(1, 0), (0, 0)], [(0, 0), (1, 0)]]",50,500,0.02,0.0002,0.0002,0.0,1.0,5,1,1.0,500,0,0.0,1.0,0.0,0.0,0.485,1.0,0.02,0.76,0.0,0.22,0.24,0.76
"[[0, 0], [0, 0]]","[[(1, 0), (0, 0)], [(0, 0), (1, 0)]]",50,500,0.02,0.0002,0.0002,0.0,1.0,5,1,1.0,500,0,0.0,1.0,0.0,0.0,0.572,1.0,0.0,0.84,0.02,0.14,0.16,0.84
"[[0, 0], [0, 0]]","[[(1, 0), (0, 0)], [(0, 0), (1, 0)]]",50,500,0.02,0.0002,0.0002,0.0,1.0,5,1,1.0,500,0,0.0,1.0,0.0,0.0,0.61,1.0,0.0,0.72,0.0,0.28,0.72,0.28
"[[0, 0], [0, 0]]","[[(1, 0), (0, 0)], [(0, 0), (1, 0)]]",50,500,0.02,0.0002,0.0002,0.0,1.0,5,1,1.0,500,0,0.0,1.0,0.0,0.0,0.764,1.0,0.0,0.36,0.04,0.6,0.74,0.26
"[[0, 0], [0, 0]]","[[(1, 0), (0, 0)], [(0, 0), (1, 0)]]",50,500,0.02,0.0002,0.0002,0.0,1.0,5,1,1.0,500,0,0.0,1.0,0.0,0.0,0.671,1.0,0.04,0.22,0.04,0.7,0.76,0.24
"[[0, 0], [0, 0]]","[[(1, 0), (0, 0)], [(0, 0), (1, 0)]]",50,500,0.02,0.0002,0.0002,0.0,1.0,5,1,1.0,500,0,0.0,1.0,0.0,0.0,0.475,1.0,0.02,0.34,0.0,0.64,0.66,0.34
"[[0, 0], [0, 0]]","[[(1, 0), (0, 0)], [(0, 0), (1, 0)]]",50,500,0.02,0.0002,0.0002,0.0,1.0,5,1,1.0,500,0,0.0,1.0,0.0,0.0,0.68,1.0,0.04,0.12,0.0,0.84,0.86,0.14
"[[0, 0], [0, 0]]","[[(1, 0), (0, 0)], [(0, 0), (1, 0)]]",50,500,0.02,0.0002,0.0002,0.0,1.0,5,1,1.0,500,0,0.0,1.0,0.0,0.0,0.581,1.0,0.0,0.3,0.0,0.7,0.12,0.88
"[[0, 0], [0, 0]]","[[(1, 0), (0, 0)], [(0, 0), (1, 0)]]",50,500,0.02,0.0002,0.0002,0.0,1.0,5,1,1.0,500,0,0.0,1.0,0.0,0.0,0.641,1.0,0.02,0.22,0.02,0.74,0.76,0.24
"[[0, 0], [0, 0]]","[[(1, 0), (0, 0)], [(0, 0), (1, 0)]]",50,500,0.02,0.0002,0.0002,0.0,1.0,5,1,1.0,500,0,0.0,1.0,0.0,0.0,0.612,1.0,0.02,0.06,0.0,0.92,0.72,0.28
"[[0, 0], [0, 0]]","[[(1, 1), (0, 0)], [(0, 0), (1, 1)]]",50,500,0.02,0.0002,0.0002,0.0,1.0,5,1,1.0,500,0,0.0,1.0,0.0,0.0,0.62,1.0,0.0,0.24,0.06,0.7,0.3,0.7
"[[0, 0], [0, 0]]","[[(1, 1), (0, 0)], [(0, 0), (1, 1)]]",50,500,0.02,0.0002,0.0002,0.0,1.0,5,1,1.0,500,0,0.0,1.0,0.0,0.0,0.741,1.0,0.02,0.18,0.06,0.74,0.24,0.76,0.0,1.0
"[[0, 0], [0, 0]]","[[(1, 1), (0, 0)], [(0, 0), (1, 1)]]",50,500,0.02,0.0002,0.0002,0.0,1.0,5,1,1.0,500,0,0.0,1.0,0.0,0.0,0.61,1.0,0.08,0.66,0.02,0.24,0.66,0.34,0.0,1.0
"[[0, 0], [0, 0]]","[[(1, 1), (0, 0)], [(0, 0), (1, 1)]]",50,500,0.02,0.0002,0.0002,0.0,1.0,5,1,1.0,500,0,0.0,1.0,0.0,0.0,0.665,1.0,0.0,0.24,0.0,0.76,0.76,0.24,0.0,1.0
"[[0, 0], [0, 0]]","[[(1, 1), (0, 0)], [(0, 0), (1, 1)]]",50,500,0.02,0.0002,0.0002,0.0,1.0,5,1,1.0,500,0,0.0,1.0,0.0,0.0,0.611,1.0,0.0,0.16,0.0,0.84,0.16,0.84,0.0,1.0
"[[0, 0], [0, 0]]","[[(1, 1), (0, 0)], [(0, 0), (1, 1)]]",50,100,0.02,0.0002,0.0002,0.0,1.0,5,1,1.0,100,0,0.0,1.0,0.0,0.0,0.616,1.0,0.0,0.22,0.02,0.76,0.76,0.24,0.0,1.0
"[[0, 0], [0, 0]]","[[(1, 1), (0, 0)], [(0, 0), (1, 1)]]",50,100,0.02,0.0002,0.0002,0.0,1.0,5,1,1.0,100,0,0.0,1.0,0.0,0.0,0.631,1.0,0.08,0.04,0.0,0.88,0.88,0.12,0.0,1.0
"[[0, 0], [0, 0]]","[[(1, 1), (0, 0)], [(0, 0), (1, 1)]]",50,100,0.02,0.0002,0.0002,0.0,1.0,5,1,1.0,100,0,0.0,1.0,0.0,1.0,0.55,1.0,0.0,0.0,0.06,0.94,0.06,0.94,0.4,0.6
"[[0, 0], [0, 0]]","[[(1, 1), (0, 0)], [(0, 0), (1, 1)]]",50,100,0.02,0.0002,0.0002,0.0,1.0,5,1,1.0,100,0,0.0,1.0,0.0,0.0,0.665,1.0,0.0,0.28,0.0,0.72,0.28,0.72,0.0,1.0
"[[0, 0], [0, 0]]","[[(1, 1), (0, 0)], [(0, 0), (1, 1)]]",50,500,0.02,0.0002,0.0002,0.0,1.0,5,1,1.0,500,0,0.0,1.0,0.0,0.0,0.847,1.0,0.16,0.28,0.06,0.5,0.52,0.48,0.0,1.0
"[[1, 1], [1, 1]]","[[(1, 1), (0, 0)], [(0, 0), (1, 1)]]",50,500,0.02,0.0002,0.0002,0.0,1.0,5,1,1.0,500,0,0.0,1.0,0.0,0.0,0.6,1.0,0.0,0.0,0.96,0.04,0.04,0.96,1.0,0.0
"[[1, 1], [1, 1]]","[[(1, 1), (0, 0)], [(0, 0), (1, 1)]]",50,400,0.02,0.0002,0.0002,0.0,1.0,5,1,1.0,400,0,0.0,1.0,0.0,1.0,0.585,0.982,0.0,0.08,0.54,0.38,0.86,0.14,0.5308,0.4692
"[[1, 1], [1, 1]]","[[(0, 0), (0, 0)], [(0, 0), (0, 0)]]",50,400,0.02,0.0002,0.0002,0.0,1.0,5,1,1.0,400,0,0.0,1.0,0.0,1.0,0.475,1.0,0.04,0.64,0.04,0.28,0.36,0.64,0.0,1.0
"[[1, 0], [0, 1]]","[[(0, 0), (0, 0)], [(0, 0), (0, 0)]]",50,400,0.02,0.0002,0.0002,0.0,1.0,5,1,1.0,400,0,0.0,1.0,0.0,0.0,0.58,0.982,0.0,0.14,0.62,0.24,0.24,0.76,0.4692,0.5308
"[[1, 0], [0, 1]]","[[(0, 0), (0, 0)], [(0, 0), (0, 0)]]",50,400,0.02,0.0002,0.0002,0.0,1.0,5,1,1.0,400,0,0.0,1.0,0.0,0.0,0.919,1.0,0.04,0.0,0.08,0.88,0.92,0.08,0.48,0.52
"[[1, 0], [0, 1]]","[[(0, 0), (0, 0)], [(0, 0), (0, 0)]]",50,400,0.02,0.0002,0.0002,0.0,1.0,5,1,1.0,400,0,0.0,1.0,0.0,1.0,0.704,1.0,0.0,0.38,0.0,0.62,0.38,0.62,0.0,1.0
"[[1, 0], [0, 1]]","[[(1, 1), (0, 0)], [(0, 0), (1, 1)]]",50,400,0.02,0.0002,0.0002,0.0,1.0,5,1,1.0,400,0,0.0,1.0,0.0,1.0,0.922,1.0,0.04,0.12,0.02,0.82,0.82,0.18,0.44,0.56
"[[1, 0], [1, 0]]","[[(0, 0), (1, 1)], [(0, 0), (1, 0)]]",50,400,0.02,0.0002,0.0002,0.0,1.0,5,1,1.0,400,0,0.0,1.0,0.0,0.9,0.549,0.685,0.0,0.72,0.04,0.24,0.76,0.24,0.3208,0.6792
"[[1, 0], [1, 0]]","[[(0, 0), (1, 1)], [(0, 0), (1, 0)]]",50,1000,0.02,0.0002,0.0002,0.0,1.0,5,1,1.0,1000,0,0.0,1.0,0.0,0.9,0.531,0.781,0.02,0.06,0.4,0.52,0.56,0.44,0.3536,0.6464
"[[0, 0], [0, 0]]","[[(0, 0), (0, 0)], [(0, 0), (0, 0)]]",50,300,0.02,0.0002,0.0002,0.0,1.0,5,1,1.0,300,0,0.0,1.0,0.0,0.0,0.751,1.0,0.0,0.2,0.0,0.8,0.2,0.8,0.0,1.0
"[[0, 0], [0, 0]]","[[(0, 0), (0, 0)], [(0, 0), (0, 0)]]",50,300,0.02,0.0002,0.0002,0.0,1.0,5,1,1.0,300,0,0.0,1.0,0.0,0.0,0.608,1.0,0.06,0.64,0.0,0.3,0.36,0.64,0.0,1.0
"[[0, 0], [0, 0]]","[[(0, 0), (0, 0)], [(0, 0), (0, 0)]]",50,300,0.02,0.0002,0.0002,0.0,1.0,5,1,1.0,300,0,0.0,1.0,0.0,0.0,0.654,1.0,0.02,0.34,0.06,0.58,0.42,0.58,0.0,1.0
"[[0, 0], [0, 0]]","[[(0, 0), (0, 0)], [(0, 0), (0, 0)]]",50,300,0.02,0.0002,0.0002,0.0,1.0,5,1,1.0,300,0,0.0,1.0,0.0,0.0,0.694,1.0,0.0,0.16,0.0,0.84,0.16,0.84,0.0,1.0
"[[0, 0], [0, 0]]","[[(0, 0), (0, 0)], [(0, 0), (0, 0)]]",50,300,0.02,0.0002,0.0002,0.0,1.0,5,1,1.0,300,0,0.0,1.0,0.0,0.0,0.64,1.0,0.02,0.68,0.0,0.3,0.3,0.7,0.0,1.0
"[[0, 0], [0, 0]]","[[(0, 0), (0, 0)], [(0, 0), (0, 0)]]",50,300,0.02,0.0002,0.0002,0.0,1.0,5,1,1.0,300,0,0.0,1.0,0.0,0.0,0.56,1.0,0.0,0.12,0.0,0.88,0.88,0.12,0.0,1.0
"[[0, 0], [0, 0]]","[[(0, 0), (0, 0)], [(0, 0), (0, 0)]]",50,300,0.02,0.0002,0.0002,0.0,1.0,5,1,1.0,300,0,0.0,1.0,0.0,0.0,0.63,1.0,0.0,0.54,0.02,0.44,0.54,0.46,0.0,1.0
"[[0, 0], [0, 0]]","[[(0, 0), (0, 0)], [(0, 0), (0, 0)]]",50,300,0.02,0.0002,0.0002,0.0,1.0,5,1,1.0,300,0,0.0,1.0,0.0,0.0,0.013,1.0,0.0,0.06,0.0,0.94,0.06,0.94,0.0,1.0
"[[0, 0], [0, 0]]","[[(0, 1), (0, 1)], [(0, 1), (0, 1)]]",50,400,0.02,0.0002,0.0002,0.0,1.0,5,1,1.0,400,0,0.0,1.0,0.0,1.0,0.024,0.88,0.02,0.02,0.02,0.94,0.94,0.06,0.06,0.94
"[[0, 0], [0, 0]]","[[(0, 1), (0, 1)], [(0, 1), (0, 1)]]",50,400,0.02,0.0002,0.0002,0.0,1.0,5,1,1.0,400,0,0.0,1.0,0.0,1.0,0.001,0.52,0.0,0.2,0.46,0.34,0.24,0.76,0.76,0.24

"[[0, 0], [0, 0]]","[[(0, 1), (0, 1)], [(0, 1), (0, 1)]]",50,400,0.02,0.0002,0.0002,0.0,1.0,5,1,1.0,400,0,0.0,1.0,0.0,1.0,0.001,0.08,0.0,0.54,0.22,0.24,0.54,0.46,0.46,0.54
"[[0, 0], [0, 0]]","[[(0, 1), (0, 1)], [(0, 1), (0, 1)]]",50,400,0.02,0.0002,0.0002,0.0,1.0,5,1,1.0,400,0,0.0,1.0,0.0,1.0,0.008,0.64,0.02,0.1,0.16,0.72,0.82,0.18,0.18,0.82
"[[0, 0], [0, 0]]","[[(0, 1), (0, 1)], [(0, 1), (0, 1)]]",50,400,0.02,0.0002,0.0002,0.0,1.0,5,1,1.0,400,0,0.0,1.0,0.0,1.0,0.001,0.04,0.0,0.36,0.5,0.14,0.48,0.52,0.52,0.48
"[[0, 0], [0, 0]]","[[(1, 0), (1, 0)], [(1, 0), (1, 0)]]",50,400,0.02,0.0002,0.0002,0.0,1.0,5,1,1.0,400,0,0.0,1.0,0.0,1.0,0.008,0.32,0.02,0.64,0.34,0.0,0.34,0.66,0.34,0.66
"[[0, 0], [0, 0]]","[[(1, 0), (1, 0)], [(1, 0), (1, 0)]]",50,400,0.02,0.0002,0.0002,0.0,1.0,5,1,1.0,400,0,0.0,1.0,0.0,1.0,0.035,0.28,0.0,0.1,0.14,0.76,0.36,0.64,0.36,0.64
"[[0, 0], [0, 0]]","[[(1, 0), (1, 0)], [(1, 0), (1, 0)]]",50,400,0.02,0.0002,0.0002,0.0,1.0,5,1,1.0,400,0,0.0,1.0,0.0,1.0,0.001,0.44,0.0,0.6,0.28,0.12,0.28,0.72,0.28,0.72
"[[0, 0], [0, 0]]","[[(1, 0), (1, 0)], [(1, 0), (1, 0)]]",50,400,0.02,0.0002,0.0002,0.0,1.0,5,1,1.0,400,0,0.0,1.0,0.0,1.0,0.001,0.32,0.02,0.0,0.5,0.48,0.66,0.34,0.66,0.34
"[[0, 0], [0, 0]]","[[(1, 0), (1, 0)], [(1, 0), (1, 0)]]",50,400,0.02,0.0002,0.0002,0.0,1.0,5,1,1.0,400,0,0.0,1.0,0.0,1.0,0.001,0.4,0.0,0.3,0.4,0.3,0.7,0.3,0.7,0.3
"[[1, 0], [0, 1]]","[[(0, 1), (0, 1)], [(0, 1), (0, 1)]]",50,400,0.02,0.0002,0.0002,0.0,1.0,5,1,1.0,400,0,0.0,1.0,0.0,0.0,0.0,0.08,0.0,0.0,0.0,1.0,0.0,1.0,0.46,0.54
"[[1, 0], [0, 1]]","[[(0, 1), (0, 1)], [(0, 1), (0, 1)]]",50,400,0.02,0.0002,0.0002,0.0,1.0,5,1,1.0,400,0,0.0,1.0,0.0,0.0,0.026,0.159,0.0,0.0,0.04,0.96,0.04,0.96,0.4204,0.5796
"[[1, 0], [0, 1]]","[[(0, 1), (0, 1)], [(0, 1), (0, 1)]]",50,400,0.02,0.0002,0.0002,0.0,1.0,5,1,1.0,400,0,0.0,1.0,0.0,0.0,0.011,0.04,0.0,0.0,0.04,0.96,0.04,0.96,0.4808,0.5192
"[[1, 0], [0, 1]]","[[(0, 1), (0, 1)], [(0, 1), (0, 1)]]",50,400,0.02,0.0002,0.0002,0.0,1.0,5,1,1.0,400,0,0.0,1.0,0.0,0.0,0.05,0.201,0.0,0.0,0.0,1.0,1.0,0.0,0.3996,0.6004
"[[1, 0], [0, 1]]","[[(0, 1), (0, 1)], [(0, 1), (0, 1)]]",50,400,0.02,0.0002,0.0002,0.0,1.0,5,1,1.0,400,0,0.0,1.0,0.0,0.0,0.024,0.161,0.0,0.02,0.0,0.98,0.98,0.02,0.4196,0.5804
"[[1, 0], [0, 1]]","[[(1, 1), (0, 0)], [(0, 0), (1, 1)]]",50,500,0.02,0.0002,0.0002,0.0,1.0,5,1,1.0,500,0,0.0,1.0,0.0,0.0,0.001,0.16,0.0,0.0,0.02,0.98,0.02,0.98,0.58,0.42
"[[1, 0], [0, 1]]","[[(1, 1), (0, 0)], [(0, 0), (1, 1)]]",50,500,0.02,0.0002,0.0002,0.0,1.0,5,1,1.0,500,0,0.0,1.0,0.0,0.0,0.032,0.28,0.0,0.0,0.02,0.98,0.02,0.98,0.36,0.64
"[[1, 0], [0, 1]]","[[(1, 1), (0, 0)], [(0, 0), (1, 1)]]",50,500,0.02,0.0002,0.0002,0.0,1.0,5,1,1.0,500,0,0.0,1.0,0.0,0.0,0.024,0.24,0.0,0.02,0.0,0.98,0.98,0.02,0.6152,0.3848
"[[1, 0], [0, 1]]","[[(1, 1), (0, 0)], [(0, 0), (1, 1)]]",50,500,0.02,0.0002,0.0002,0.0,1.0,5,1,1.0,500,0,0.0,1.0,0.0,0.0,0.025,0.119,0.0,0.02,0.0,0.98,0.98,0.02,0.4404,0.5596
"[[1, 0], [0, 1]]","[[(1, 1), (0, 0)], [(0, 0), (1, 1)]]",50,500,0.02,0.0002,0.0002,0.0,1.0,5,1,1.0,500,0,0.0,1.0,0.0,0.0,0.006,0.2,0.02,0.0,0.0,0.98,0.98,0.02,0.596,0.404
"[[1, 0], [0, 1]]","[[(1, 1), (0, 0)], [(0, 0), (1, 1)]]",50,500,0.02,0.0002,0.0002,0.0,1.0,5,1,1.0,500,0,0.0,1.0,0.0,1.0,0.005,0.039,0.0,0.02,0.0,0.98,0.02,0.98,0.4804,0.5196
"[[1, 0], [0, 1]]","[[(1, 1), (0, 0)], [(0, 0), (1, 1)]]",50,500,0.02,0.0002,0.0002,0.0,1.0,5,1,1.0,500,0,0.0,1.0,0.0,1.0,0.02,0.082,0.04,0.02,0.0,0.94,0.96,0.04,0.536,0.464
"[[1, 0], [0, 1]]","[[(1, 1), (0, 0)], [(0, 0), (1, 1)]]",50,500,0.02,0.0002,0.0002,0.0,1.0,5,1,1.0,500,0,0.0,1.0,0.0,1.0,0.011,0.24,0.0,0.0,0.06,0.94,0.06,0.94,0.6104,0.3896
"[[1, 0], [0, 1]]","[[(1, 1), (0, 0)], [(0, 0), (1, 1)]]",50,500,0.02,0.0002,0.0002,0.0,1.0,5,1,1.0,500,0,0.0,1.0,0.0,1.0,0.027,0.12,0.0,0.0,0.02,0.98,0.98,0.02,0.5576,0.4424
"[[1, 0], [0, 1]]","[[(1, 1), (0, 0)], [(0, 0), (1, 1)]]",50,500,0.02,0.0002,0.0002,0.0,1.0,5,1,1.0,500,0,0.0,1.0,0.0,1.0,0.014,0.079,0.0,0.04,0.0,0.96,0.96,0.04,0.462,0.538
"[[1, 0], [0, 1]]","[[(1, 1), (0, 0)], [(0, 0), (1, 1)]]",50,500,0.02,0.0002,0.0002,0.0,1.0,5,1,1.0,500,0,0.0,1.0,0.0,1.0,0.0,0.16,0.0,0.0,0.0,1.0,0.0,1.0,0.42,0.58
"[[1, 0], [0, 1]]","[[(1, 1), (0, 0)], [(0, 0), (1, 1)]]",50,500,0.02,0.0002,0.0002,0.0,1.0,5,1,1.0,500,0,0.0,1.0,0.0,1.0,0.0,0.24,0.0,0.0,0.0,1.0,0.0,1.0,0.62,0.38
"[[1, 0], [1, 1]]","[[(1, 1), (0, 0)], [(0, 0), (1, 1)]]",50,500,0.02,0.0002,0.0002,0.0,1.0,5,1,1.0,500,0,0.0,1.0,0.0,0.0,0.027,0.999,0.02,0.0,0.0,0.98,0.02,0.98,0.9996,0.0004
"[[0, 0], [1, 1]]","[[(1, 1), (0, 0)], [(0, 0), (1, 1)]]",50,500,0.02,0.0002,0.0002,0.0,1.0,5,1,1.0,500,0,0.0,1.0,0.0,0.0,0.018,1.0,0.0,0.0,0.0,1.0,0.0,1.0,0.02,0.98
"[[1, 0], [0, 1]]","[[(1, 1), (0, 0)], [(0, 0), (1, 1)]]",50,500,0.02,0.0,0.0,0.0,1.0,5,1,1.0,500,0,0.0,1.0,0.0,0.0,0.027,0.04,0.02,0.02,0.0,0.96,0.96,0.04,0.5184,0.4816
