base_social_norm,eb_social_norm,Z,gens,mu,chi,eps,alpha,b,c,beta,generations,convergence_period,gamma_min,gamma_max,gamma_delta,gamma_center,average_cooperation,ALWAYS_COOPERATE,DISCRIMINATE,PARADOXICALLY_DISC,ALWAYS_DEFECT,Competitive,Cooperative
"[[0, 0], [1, 1]]","[[(0, 0), (0, 0)], [(1, 1), (0, 1)]]",50,2000,1.0,0.01,0.01,0.0,5,1,1.0,2000,100,0.0,1.0,0.0,0.0,26.071,0.04,0.0,0.06,0.9,0,0
"[[0, 0], [1, 1]]","[[(0, 0), (0, 0)], [(1, 1), (0, 1)]]",50,2000,1.0,0.01,0.01,0.0,5,1,1.0,2000,100,0.0,1.0,0.0,0.0,32.562,0.02,0.08,0.08,0.82,0,0
"[[0, 0], [1, 1]]","[[(0, 0), (0, 0)], [(1, 1), (0, 1)]]",50,2000,1.0,0.01,0.01,0.0,5,1,1.0,2000,100,0.0,1.0,0.0,0.0,36.508,0.52,0.48,0.0,0.0,0,0
"[[0, 0], [1, 1]]","[[(0, 0), (0, 0)], [(1, 1), (0, 1)]]",50,2000,1.0,0.01,0.01,0.0,5,1,1.0,2000,100,0.0,1.0,0.0,0.0,26.719,0.04,0.44,0.2,0.32,0,0
"[[0, 0], [1, 1]]","[[(0, 0), (0, 0)], [(1, 1), (0, 1)]]",50,2000,1.0,0.01,0.01,0.0,5,1,1.0,2000,100,0.0,1.0,0.0,0.0,22.544,0.02,0.0,0.06,0.92,0,0
"[[0, 0], [1, 1]]","[[(0, 0), (0, 0)], [(1, 1), (0, 1)]]",50,2000,1.0,0.01,0.01,0.0,5,1,1.0,2000,100,0.0,1.0,0.0,0.25,48.832,0.04,0.02,0.0,0.94,0,0
"[[0, 0], [1, 1]]","[[(0, 0), (0, 0)], [(1, 1), (0, 1)]]",50,2000,1.0,0.01,0.01,0.0,5,1,1.0,2000,100,0.0,1.0,0.0,0.25,30.305,0.06,0.42,0.24,0.28,0,0
"[[0, 0], [1, 1]]","[[(0, 0), (0, 0)], [(1, 1), (0, 1)]]",50,2000,1.0,0.01,0.01,0.0,5,1,1.0,2000,100,0.0,1.0,0.0,0.25,30.645,0.0,0.1,0.0,0.9,0,0
"[[0, 0], [1, 1]]","[[(0, 0), (0, 0)], [(1, 1), (0, 1)]]",50,2000,1.0,0.01,0.01,0.0,5,1,1.0,2000,100,0.0,1.0,0.0,0.25,24.728,0.5,0.5,0.0,0.0,0,0
"[[0, 0], [1, 1]]","[[(0, 0), (0, 0)], [(1, 1), (0, 1)]]",50,2000,1.0,0.01,0.01,0.0,5,1,1.0,2000,100,0.0,1.0,0.0,0.25,18.894,0.0,0.2,0.04,0.76,0,0
"[[0, 0], [1, 1]]","[[(0, 0), (0, 0)], [(1, 1), (0, 1)]]",50,2000,1.0,0.01,0.01,0.0,5,1,1.0,2000,100,0.0,1.0,0.0,0.5,18.356,0.02,0.46,0.02,0.5,0,0
"[[0, 0], [1, 1]]","[[(0, 0), (0, 0)], [(1, 1), (0, 1)]]",50,2000,1.0,0.01,0.01,0.0,5,1,1.0,2000,100,0.0,1.0,0.0,0.5,17.462,0.12,0.22,0.2,0.46,0,0
"[[0, 0], [1, 1]]","[[(0, 0), (0, 0)], [(1, 1), (0, 1)]]",50,2000,1.0,0.01,0.01,0.0,5,1,1.0,2000,100,0.0,1.0,0.0,0.5,36.113,0.0,0.0,0.06,0.94,0,0
"[[0, 0], [1, 1]]","[[(0, 0), (0, 0)], [(1, 1), (0, 1)]]",50,2000,1.0,0.01,0.01,0.0,5,1,1.0,2000,100,0.0,1.0,0.0,0.5,30.382,0.0,0.18,0.32,0.5,0,0
"[[0, 0], [1, 1]]","[[(0, 0), (0, 0)], [(1, 1), (0, 1)]]",50,2000,1.0,0.01,0.01,0.0,5,1,1.0,2000,100,0.0,1.0,0.0,0.5,12.245,0.02,0.1,0.06,0.82,0,0
"[[0, 0], [1, 1]]","[[(0, 0), (0, 0)], [(1, 1), (0, 1)]]",50,2000,1.0,0.01,0.01,0.0,5,1,1.0,2000,100,0.0,1.0,0.0,0.75,26.605,0.16,0.32,0.02,0.5,0,0
"[[0, 0], [1, 1]]","[[(0, 0), (0, 0)], [(1, 1), (0, 1)]]",50,2000,1.0,0.01,0.01,0.0,5,1,1.0,2000,100,0.0,1.0,0.0,0.75,18.691,0.08,0.0,0.04,0.88,0,0
"[[0, 0], [1, 1]]","[[(0, 0), (0, 0)], [(1, 1), (0, 1)]]",50,2000,1.0,0.01,0.01,0.0,5,1,1.0,2000,100,0.0,1.0,0.0,0.75,23.168,0.02,0.0,0.02,0.96,0,0
"[[0, 0], [1, 1]]","[[(0, 0), (0, 0)], [(1, 1), (0, 1)]]",50,2000,1.0,0.01,0.01,0.0,5,1,1.0,2000,100,0.0,1.0,0.0,0.75,25.652,0.08,0.32,0.2,0.4,0,0
"[[0, 0], [1, 1]]","[[(0, 0), (0, 0)], [(1, 1), (0, 1)]]",50,2000,1.0,0.01,0.01,0.0,5,1,1.0,2000,100,0.0,1.0,0.0,0.75,19.304,0.0,0.14,0.02,0.84,0,0
"[[0, 0], [1, 1]]","[[(0, 0), (0, 0)], [(1, 1), (0, 1)]]",50,2000,1.0,0.01,0.01,0.0,5,1,1.0,2000,100,0.0,1.0,0.0,1.0,23.563,0.2,0.16,0.02,0.62,0,0
"[[0, 0], [1, 1]]","[[(0, 0), (0, 0)], [(1, 1), (0, 1)]]",50,2000,1.0,0.01,0.01,0.0,5,1,1.0,2000,100,0.0,1.0,0.0,1.0,20.73,0.08,0.02,0.0,0.9,0,0
"[[0, 0], [1, 1]]","[[(0, 0), (0, 0)], [(1, 1), (0, 1)]]",50,2000,1.0,0.01,0.01,0.0,5,1,1.0,2000,100,0.0,1.0,0.0,1.0,24.138,0.0,0.0,0.06,0.94,0,0
"[[0, 0], [1, 1]]","[[(0, 0), (0, 0)], [(1, 1), (0, 1)]]",50,2000,1.0,0.01,0.01,0.0,5,1,1.0,2000,100,0.0,1.0,0.0,1.0,31.897,0.02,0.04,0.0,0.94,0,0
"[[0, 0], [1, 1]]","[[(0, 0), (0, 0)], [(1, 1), (0, 1)]]",50,2000,1.0,0.01,0.01,0.0,5,1,1.0,2000,100,0.0,1.0,0.0,1.0,28.07,0.0,0.24,0.06,0.7,0,0
"[[0, 0], [1, 1]]","[[(0, 0), (0, 0)], [(1, 1), (0, 1)]]",50,200,1.0,0.01,0.01,0.0,5,1,1.0,200,10,0.0,1.0,0.0,0.75,41.5,0.02,0.06,0.0,0.92,0,0
"[[0, 0], [1, 1]]","[[(0, 0), (0, 0)], [(1, 1), (0, 1)]]",50,200,1.0,0.01,0.01,0.0,5,1,1.0,200,10,0.0,1.0,0.0,0.75,42.118,0.04,0.38,0.44,0.14,0,0
"[[0, 0], [1, 1]]","[[(0, 0), (0, 0)], [(1, 1), (0, 1)]]",50,200,1.0,0.01,0.01,0.0,5,1,1.0,200,10,0.0,1.0,0.0,0.75,10.16,0.0,0.34,0.18,0.48,0,0
"[[0, 0], [1, 1]]","[[(0, 0), (0, 0)], [(1, 1), (0, 1)]]",50,200,1.0,0.01,0.01,0.0,5,1,1.0,200,10,0.0,1.0,0.0,0.75,8.182,0.0,0.0,0.0,1.0,0,0
"[[0, 0], [1, 1]]","[[(0, 0), (0, 0)], [(1, 1), (0, 1)]]",50,200,1.0,0.01,0.01,0.0,5,1,1.0,200,10,0.0,1.0,0.0,0.75,4.318,0.0,0.36,0.0,0.64,0,0
"[[0, 0], [1, 1]]","[[(0, 0), (0, 0)], [(1, 1), (0, 1)]]",50,200,1.0,0.01,0.01,0.0,5,1,1.0,200,10,0.0,1.0,0.0,1.0,27.688,0.0,0.04,0.06,0.9,0,0
"[[0, 0], [1, 1]]","[[(0, 0), (0, 0)], [(1, 1), (0, 1)]]",50,200,1.0,0.01,0.01,0.0,5,1,1.0,200,10,0.0,1.0,0.0,1.0,10.523,0.0,0.12,0.0,0.88,0,0
"[[0, 0], [1, 1]]","[[(0, 0), (0, 0)], [(1, 1), (0, 1)]]",50,200,1.0,0.01,0.01,0.0,5,1,1.0,200,10,0.0,1.0,0.0,1.0,35.354,0.06,0.02,0.0,0.92,0,0
"[[0, 0], [1, 1]]","[[(0, 0), (0, 0)], [(1, 1), (0, 1)]]",50,200,1.0,0.01,0.01,0.0,5,1,1.0,200,10,0.0,1.0,0.0,1.0,8.131,0.0,0.08,0.04,0.88,0,0
"[[0, 0], [1, 1]]","[[(0, 0), (0, 0)], [(1, 1), (0, 1)]]",50,200,1.0,0.01,0.01,0.0,5,1,1.0,200,10,0.0,1.0,0.0,1.0,5.312,0.0,0.04,0.0,0.96,0,0
"[[0, 0], [1, 1]]","[[(0, 0), (0, 0)], [(1, 1), (0, 1)]]",50,2000,1.0,0.01,0.01,0.0,5,1,1.0,2000,100,0.0,1.0,0.0,0.25,15.783,0.42,0.2,0.0,0.38,0,0
"[[0, 0], [1, 1]]","[[(0, 0), (0, 0)], [(1, 1), (0, 1)]]",50,2000,1.0,0.01,0.01,0.0,5,1,1.0,2000,100,0.0,1.0,0.0,0.25,24.139,0.0,0.18,0.0,0.82,0,0
"[[0, 0], [1, 1]]","[[(0, 0), (0, 0)], [(1, 1), (0, 1)]]",50,2000,1.0,0.01,0.01,0.0,5,1,1.0,2000,100,0.0,1.0,0.0,0.25,19.13,0.02,0.24,0.14,0.6,0,0
"[[0, 0], [1, 1]]","[[(0, 0), (0, 0)], [(1, 1), (0, 1)]]",50,2000,1.0,0.01,0.01,0.0,5,1,1.0,2000,100,0.0,1.0,0.0,0.25,22.401,0.0,0.2,0.1,0.7,0,0
"[[0, 0], [1, 1]]","[[(0, 0), (0, 0)], [(1, 1), (0, 1)]]",50,2000,1.0,0.01,0.01,0.0,5,1,1.0,2000,100,0.0,1.0,0.0,0.25,38.826,0.5,0.48,0.0,0.02,0,0
"[[0, 0], [1, 1]]","[[(0, 0), (0, 0)], [(1, 1), (0, 1)]]",50,2000,1.0,0.01,0.01,0.0,5,1,1.0,2000,100,0.0,1.0,0.0,0.5,36.826,0.0,0.0,0.0,1.0,0,0
"[[0, 0], [1, 1]]","[[(0, 0), (0, 0)], [(1, 1), (0, 1)]]",50,2000,1.0,0.01,0.01,0.0,5,1,1.0,2000,100,0.0,1.0,0.0,0.5,10.06,0.02,0.02,0.04,0.92,0,0
"[[0, 0], [1, 1]]","[[(0, 0), (0, 0)], [(1, 1), (0, 1)]]",50,2000,1.0,0.01,0.01,0.0,5,1,1.0,2000,100,0.0,1.0,0.0,0.5,19.474,0.0,0.12,0.04,0.84,0,0
"[[0, 0], [1, 1]]","[[(0, 0), (0, 0)], [(1, 1), (0, 1)]]",50,2000,1.0,0.01,0.01,0.0,5,1,1.0,2000,100,0.0,1.0,0.0,0.5,36.725,0.02,0.04,0.04,0.9,0,0
"[[0, 0], [1, 1]]","[[(0, 0), (0, 0)], [(1, 1), (0, 1)]]",50,2000,1.0,0.01,0.01,0.0,5,1,1.0,2000,100,0.0,1.0,0.0,0.5,30.097,0.02,0.06,0.1,0.82,0,0
"[[0, 0], [1, 1]]","[[(0, 0), (0, 0)], [(1, 1), (0, 1)]]",50,2000,1.0,0.01,0.01,0.0,5,1,1.0,2000,100,0.0,1.0,0.0,0.75,21.406,0.24,0.56,0.18,0.02,0,0
"[[0, 0], [1, 1]]","[[(0, 0), (0, 0)], [(1, 1), (0, 1)]]",50,2000,1.0,0.01,0.01,0.0,5,1,1.0,2000,100,0.0,1.0,0.0,0.75,24.958,0.02,0.1,0.0,0.88,0,0
"[[0, 0], [1, 1]]","[[(0, 0), (0, 0)], [(1, 1), (0, 1)]]",50,2000,1.0,0.01,0.01,0.0,5,1,1.0,2000,100,0.0,1.0,0.0,0.75,25.953,0.04,0.22,0.14,0.6,0,0
"[[0, 0], [1, 1]]","[[(0, 0), (0, 0)], [(1, 1), (0, 1)]]",50,2000,1.0,0.01,0.01,0.0,5,1,1.0,2000,100,0.0,1.0,0.0,0.75,23.914,0.12,0.22,0.18,0.48,0,0
"[[0, 0], [1, 1]]","[[(0, 0), (0, 0)], [(1, 1), (0, 1)]]",50,2000,1.0,0.01,0.01,0.0,5,1,1.0,2000,100,0.0,1.0,0.0,0.75,15.339,0.16,0.82,0.0,0.02,0,0
"[[0, 0], [1, 1]]","[[(0, 0), (0, 0)], [(1, 1), (0, 1)]]",50,2000,1.0,0.01,0.01,0.0,5,1,1.0,2000,100,0.0,1.0,0.0,1.0,13.435,0.0,0.14,0.1,0.76,0,0
"[[0, 0], [1, 1]]","[[(0, 0), (0, 0)], [(1, 1), (0, 1)]]",50,2000,1.0,0.01,0.01,0.0,5,1,1.0,2000,100,0.0,1.0,0.0,1.0,26.271,0.0,0.26,0.08,0.66,0,0
"[[0, 0], [1, 1]]","[[(0, 0), (0, 0)], [(1, 1), (0, 1)]]",50,2000,1.0,0.01,0.01,0.0,5,1,1.0,2000,100,0.0,1.0,0.0,1.0,22.246,0.02,0.18,0.04,0.76,0,0
"[[0, 0], [1, 1]]","[[(0, 0), (0, 0)], [(1, 1), (0, 1)]]",50,2000,1.0,0.01,0.01,0.0,5,1,1.0,2000,100,0.0,1.0,0.0,1.0,18.485,0.12,0.18,0.18,0.52,0,0
"[[0, 0], [1, 1]]","[[(0, 0), (0, 0)], [(1, 1), (0, 1)]]",50,2000,1.0,0.01,0.01,0.0,5,1,1.0,2000,100,0.0,1.0,0.0,1.0,21.572,0.0,0.12,0.08,0.8,0,0
"[[0, 0], [1, 1]]","[[(0, 0), (0, 0)], [(0, 1), (1, 1)]]",50,2000,1.0,0.01,0.01,0.0,5,1,1.0,2000,100,0.0,1.0,0.0,0.25,48.032,0.02,0.52,0.02,0.44,0,0
"[[0, 0], [1, 1]]","[[(0, 0), (0, 0)], [(0, 1), (1, 1)]]",50,2000,1.0,0.01,0.01,0.0,5,1,1.0,2000,100,0.0,1.0,0.0,0.25,34.796,0.16,0.8,0.0,0.04,0,0
"[[0, 0], [1, 1]]","[[(0, 0), (0, 0)], [(0, 1), (1, 1)]]",50,2000,1.0,0.01,0.01,0.0,5,1,1.0,2000,100,0.0,1.0,0.0,0.25,28.224,0.0,0.34,0.02,0.64,0,0
"[[0, 0], [1, 1]]","[[(0, 0), (0, 0)], [(0, 1), (1, 1)]]",50,2000,1.0,0.01,0.01,0.0,5,1,1.0,2000,100,0.0,1.0,0.0,0.25,34.187,0.2,0.12,0.16,0.52,0,0
"[[0, 0], [1, 1]]","[[(0, 0), (0, 0)], [(0, 1), (1, 1)]]",50,2000,1.0,0.01,0.01,0.0,5,1,1.0,2000,100,0.0,1.0,0.0,0.25,41.156,0.0,0.0,0.02,0.98,0,0
"[[0, 0], [1, 1]]","[[(0, 0), (0, 0)], [(0, 1), (1, 1)]]",50,2000,1.0,0.01,0.01,0.0,5,1,1.0,2000,100,0.0,1.0,0.0,0.5,41.526,0.02,0.14,0.02,0.82,0,0
"[[0, 0], [1, 1]]","[[(0, 0), (0, 0)], [(0, 1), (1, 1)]]",50,2000,1.0,0.01,0.01,0.0,5,1,1.0,2000,100,0.0,1.0,0.0,0.5,52.718,0.0,0.02,0.02,0.96,0,0
"[[0, 0], [1, 1]]","[[(0, 0), (0, 0)], [(0, 1), (1, 1)]]",50,2000,1.0,0.01,0.01,0.0,5,1,1.0,2000,100,0.0,1.0,0.0,0.5,38.82,0.06,0.14,0.0,0.8,0,0
"[[0, 0], [1, 1]]","[[(0, 0), (0, 0)], [(0, 1), (1, 1)]]",50,2000,1.0,0.01,0.01,0.0,5,1,1.0,2000,100,0.0,1.0,0.0,0.5,28.159,0.04,0.2,0.06,0.7,0,0
"[[0, 0], [1, 1]]","[[(0, 0), (0, 0)], [(0, 1), (1, 1)]]",50,2000,1.0,0.01,0.01,0.0,5,1,1.0,2000,100,0.0,1.0,0.0,0.5,31.655,0.08,0.12,0.0,0.8,0,0
"[[0, 0], [1, 1]]","[[(0, 0), (0, 0)], [(0, 1), (1, 1)]]",50,2000,1.0,0.01,0.01,0.0,5,1,1.0,2000,100,0.0,1.0,0.0,0.75,27.655,0.02,0.18,0.04,0.76,0,0
"[[0, 0], [1, 1]]","[[(0, 0), (0, 0)], [(0, 1), (1, 1)]]",50,2000,1.0,0.01,0.01,0.0,5,1,1.0,2000,100,0.0,1.0,0.0,0.75,32.449,0.16,0.42,0.12,0.3,0,0
"[[0, 0], [1, 1]]","[[(0, 0), (0, 0)], [(0, 1), (1, 1)]]",50,2000,1.0,0.01,0.01,0.0,5,1,1.0,2000,100,0.0,1.0,0.0,0.75,46.746,0.46,0.54,0.0,0.0,0,0
"[[0, 0], [1, 1]]","[[(0, 0), (0, 0)], [(0, 1), (1, 1)]]",50,2000,1.0,0.01,0.01,0.0,5,1,1.0,2000,100,0.0,1.0,0.0,0.75,27.412,0.7,0.26,0.0,0.04,0,0
"[[0, 0], [1, 1]]","[[(0, 0), (0, 0)], [(0, 1), (1, 1)]]",50,2000,1.0,0.01,0.01,0.0,5,1,1.0,2000,100,0.0,1.0,0.0,0.75,35.083,0.46,0.44,0.02,0.08,0,0
"[[0, 0], [1, 1]]","[[(0, 0), (0, 0)], [(0, 1), (1, 1)]]",50,2000,1.0,0.01,0.01,0.0,5,1,1.0,2000,100,0.0,1.0,0.0,1.0,33.945,0.02,0.0,0.04,0.94,0,0
"[[0, 0], [1, 1]]","[[(0, 0), (0, 0)], [(0, 1), (1, 1)]]",50,2000,1.0,0.01,0.01,0.0,5,1,1.0,2000,100,0.0,1.0,0.0,1.0,37.067,0.54,0.38,0.0,0.08,0,0
"[[0, 0], [1, 1]]","[[(0, 0), (0, 0)], [(0, 1), (1, 1)]]",50,2000,1.0,0.01,0.01,0.0,5,1,1.0,2000,100,0.0,1.0,0.0,1.0,39.973,0.0,0.08,0.04,0.88,0,0
"[[0, 0], [1, 1]]","[[(0, 0), (0, 0)], [(0, 1), (1, 1)]]",50,2000,1.0,0.01,0.01,0.0,5,1,1.0,2000,100,0.0,1.0,0.0,1.0,42.661,0.22,0.74,0.0,0.04,0,0
"[[0, 0], [1, 1]]","[[(0, 0), (0, 0)], [(0, 1), (1, 1)]]",50,2000,1.0,0.01,0.01,0.0,5,1,1.0,2000,100,0.0,1.0,0.0,1.0,35.074,0.02,0.9,0.02,0.06,0,0
"[[0, 0], [1, 1]]","[[(0, 0), (1, 0)], [(1, 1), (1, 1)]]",50,2000,1.0,0.01,0.01,0.0,5,1,1.0,2000,100,0.0,1.0,0.0,0.25,31.337,0.0,0.0,0.0,1.0,0,0
"[[0, 0], [1, 1]]","[[(0, 0), (1, 0)], [(1, 1), (1, 1)]]",50,2000,1.0,0.01,0.01,0.0,5,1,1.0,2000,100,0.0,1.0,0.0,0.25,28.317,0.0,0.22,0.0,0.78,0,0
"[[0, 0], [1, 1]]","[[(0, 0), (1, 0)], [(1, 1), (1, 1)]]",50,2000,1.0,0.01,0.01,0.0,5,1,1.0,2000,100,0.0,1.0,0.0,0.25,25.236,0.44,0.46,0.06,0.04,0,0
"[[0, 0], [1, 1]]","[[(0, 0), (1, 0)], [(1, 1), (1, 1)]]",50,2000,1.0,0.01,0.01,0.0,5,1,1.0,2000,100,0.0,1.0,0.0,0.25,31.645,0.42,0.52,0.02,0.04,0,0
"[[0, 0], [1, 1]]","[[(0, 0), (1, 0)], [(1, 1), (1, 1)]]",50,2000,1.0,0.01,0.01,0.0,5,1,1.0,2000,100,0.0,1.0,0.0,0.25,23.343,0.04,0.18,0.0,0.78,0,0
"[[0, 0], [1, 1]]","[[(0, 0), (1, 0)], [(1, 1), (1, 1)]]",50,2000,1.0,0.01,0.01,0.0,5,1,1.0,2000,100,0.0,1.0,0.0,0.5,11.064,0.0,0.1,0.12,0.78,0,0
"[[0, 0], [1, 1]]","[[(0, 0), (1, 0)], [(1, 1), (1, 1)]]",50,2000,1.0,0.01,0.01,0.0,5,1,1.0,2000,100,0.0,1.0,0.0,0.5,20.489,0.0,0.02,0.0,0.98,0,0
"[[0, 0], [1, 1]]","[[(0, 0), (1, 0)], [(1, 1), (1, 1)]]",50,2000,1.0,0.01,0.01,0.0,5,1,1.0,2000,100,0.0,1.0,0.0,0.5,15.863,0.0,0.02,0.12,0.86,0,0
"[[0, 0], [1, 1]]","[[(0, 0), (1, 0)], [(1, 1), (1, 1)]]",50,2000,1.0,0.01,0.01,0.0,5,1,1.0,2000,100,0.0,1.0,0.0,0.5,14.845,0.0,0.08,0.0,0.92,0,0
"[[0, 0], [1, 1]]","[[(0, 0), (1, 0)], [(1, 1), (1, 1)]]",50,2000,1.0,0.01,0.01,0.0,5,1,1.0,2000,100,0.0,1.0,0.0,0.5,11.696,0.0,0.14,0.04,0.82,0,0
"[[0, 0], [1, 1]]","[[(0, 0), (1, 0)], [(1, 1), (1, 1)]]",50,2000,1.0,0.01,0.01,0.0,5,1,1.0,2000,100,0.0,1.0,0.0,0.75,6.5,0.0,0.06,0.08,0.86,0,0
"[[0, 0], [1, 1]]","[[(0, 0), (1, 0)], [(1, 1), (1, 1)]]",50,2000,1.0,0.01,0.01,0.0,5,1,1.0,2000,100,0.0,1.0,0.0,0.75,7.348,0.0,0.0,0.02,0.98,0,0
"[[0, 0], [1, 1]]","[[(0, 0), (1, 0)], [(1, 1), (1, 1)]]",50,2000,1.0,0.01,0.01,0.0,5,1,1.0,2000,100,0.0,1.0,0.0,0.75,7.908,0.0,0.1,0.0,0.9,0,0
"[[0, 0], [1, 1]]","[[(0, 0), (1, 0)], [(1, 1), (1, 1)]]",50,2000,1.0,0.01,0.01,0.0,5,1,1.0,2000,100,0.0,1.0,0.0,0.75,8.181,0.0,0.04,0.02,0.94,0,0
"[[0, 0], [1, 1]]","[[(0, 0), (1, 0)], [(1, 1), (1, 1)]]",50,2000,1.0,0.01,0.01,0.0,5,1,1.0,2000,100,0.0,1.0,0.0,0.75,7.293,0.12,0.54,0.08,0.26,0,0
"[[0, 0], [1, 1]]","[[(0, 0), (1, 0)], [(1, 1), (1, 1)]]",50,2000,1.0,0.01,0.01,0.0,5,1,1.0,2000,100,0.0,1.0,0.0,1.0,5.312,0.02,0.0,0.18,0.8,0,0
"[[0, 0], [1, 1]]","[[(0, 0), (1, 0)], [(1, 1), (1, 1)]]",50,2000,1.0,0.01,0.01,0.0,5,1,1.0,2000,100,0.0,1.0,0.0,1.0,9.793,0.04,0.02,0.06,0.88,0,0
"[[0, 0], [1, 1]]","[[(0, 0), (1, 0)], [(1, 1), (1, 1)]]",50,2000,1.0,0.01,0.01,0.0,5,1,1.0,2000,100,0.0,1.0,0.0,1.0,4.961,0.0,0.0,0.02,0.98,0,0
"[[0, 0], [1, 1]]","[[(0, 0), (1, 0)], [(1, 1), (1, 1)]]",50,2000,1.0,0.01,0.01,0.0,5,1,1.0,2000,100,0.0,1.0,0.0,1.0,5.105,0.0,0.0,0.04,0.96,0,0
"[[0, 0], [1, 1]]","[[(0, 0), (1, 0)], [(1, 1), (1, 1)]]",50,2000,1.0,0.01,0.01,0.0,5,1,1.0,2000,100,0.0,1.0,0.0,1.0,7.386,0.0,0.0,0.08,0.92,0,0
"[[0, 0], [1, 1]]","[[(1, 0), (1, 0)], [(1, 1), (1, 1)]]",50,2000,1.0,0.01,0.01,0.0,5,1,1.0,2000,100,0.0,1.0,0.0,0.25,5.791,0.0,0.0,0.0,1.0,0,0
"[[0, 0], [1, 1]]","[[(1, 0), (1, 0)], [(1, 1), (1, 1)]]",50,2000,1.0,0.01,0.01,0.0,5,1,1.0,2000,100,0.0,1.0,0.0,0.25,12.378,0.0,0.0,0.04,0.96,0,0
"[[0, 0], [1, 1]]","[[(1, 0), (1, 0)], [(1, 1), (1, 1)]]",50,2000,1.0,0.01,0.01,0.0,5,1,1.0,2000,100,0.0,1.0,0.0,0.25,6.105,0.04,0.1,0.02,0.84,0,0
"[[0, 0], [1, 1]]","[[(1, 0), (1, 0)], [(1, 1), (1, 1)]]",50,2000,1.0,0.01,0.01,0.0,5,1,1.0,2000,100,0.0,1.0,0.0,0.25,23.727,0.0,0.0,0.0,1.0,0,0
"[[0, 0], [1, 1]]","[[(1, 0), (1, 0)], [(1, 1), (1, 1)]]",50,2000,1.0,0.01,0.01,0.0,5,1,1.0,2000,100,0.0,1.0,0.0,0.25,6.072,0.0,0.08,0.0,0.92,0,0
"[[0, 0], [1, 1]]","[[(1, 0), (1, 0)], [(1, 1), (1, 1)]]",50,2000,1.0,0.01,0.01,0.0,5,1,1.0,2000,100,0.0,1.0,0.0,0.5,6.021,0.0,0.0,0.0,1.0,0,0
"[[0, 0], [1, 1]]","[[(1, 0), (1, 0)], [(1, 1), (1, 1)]]",50,2000,1.0,0.01,0.01,0.0,5,1,1.0,2000,100,0.0,1.0,0.0,0.5,5.038,0.0,0.02,0.02,0.96,0,0
"[[0, 0], [1, 1]]","[[(1, 0), (1, 0)], [(1, 1), (1, 1)]]",50,2000,1.0,0.01,0.01,0.0,5,1,1.0,2000,100,0.0,1.0,0.0,0.5,5.308,0.12,0.06,0.0,0.82,0,0
"[[0, 0], [1, 1]]","[[(1, 0), (1, 0)], [(1, 1), (1, 1)]]",50,2000,1.0,0.01,0.01,0.0,5,1,1.0,2000,100,0.0,1.0,0.0,0.5,5.522,0.02,0.0,0.08,0.9,0,0
"[[0, 0], [1, 1]]","[[(1, 0), (1, 0)], [(1, 1), (1, 1)]]",50,2000,1.0,0.01,0.01,0.0,5,1,1.0,2000,100,0.0,1.0,0.0,0.5,5.686,0.04,0.0,0.02,0.94,0,0
"[[0, 0], [1, 1]]","[[(1, 0), (1, 0)], [(1, 1), (1, 1)]]",50,2000,1.0,0.01,0.01,0.0,5,1,1.0,2000,100,0.0,1.0,0.0,0.75,49.114,0.0,0.92,0.08,0.0,0,0
"[[0, 0], [1, 1]]","[[(1, 0), (1, 0)], [(1, 1), (1, 1)]]",50,2000,1.0,0.01,0.01,0.0,5,1,1.0,2000,100,0.0,1.0,0.0,0.75,38.723,0.02,0.0,0.86,0.12,0,0
"[[0, 0], [1, 1]]","[[(1, 0), (1, 0)], [(1, 1), (1, 1)]]",50,2000,1.0,0.01,0.01,0.0,5,1,1.0,2000,100,0.0,1.0,0.0,0.75,46.881,0.0,0.16,0.1,0.74,0,0
"[[0, 0], [1, 1]]","[[(1, 0), (1, 0)], [(1, 1), (1, 1)]]",50,2000,1.0,0.01,0.01,0.0,5,1,1.0,2000,100,0.0,1.0,0.0,0.75,42.706,0.0,0.0,0.98,0.02,0,0
"[[0, 0], [1, 1]]","[[(1, 0), (1, 0)], [(1, 1), (1, 1)]]",50,2000,1.0,0.01,0.01,0.0,5,1,1.0,2000,100,0.0,1.0,0.0,0.75,47.647,0.0,0.04,0.02,0.94,0,0
"[[0, 0], [1, 1]]","[[(1, 0), (1, 0)], [(1, 1), (1, 1)]]",50,2000,1.0,0.01,0.01,0.0,5,1,1.0,2000,100,0.0,1.0,0.0,1.0,46.438,0.1,0.9,0.0,0.0,0,0
"[[0, 0], [1, 1]]","[[(1, 0), (1, 0)], [(1, 1), (1, 1)]]",50,2000,1.0,0.01,0.01,0.0,5,1,1.0,2000,100,0.0,1.0,0.0,1.0,35.476,0.02,0.0,0.16,0.82,0,0
"[[0, 0], [1, 1]]","[[(1, 0), (1, 0)], [(1, 1), (1, 1)]]",50,2000,1.0,0.01,0.01,0.0,5,1,1.0,2000,100,0.0,1.0,0.0,1.0,44.097,0.0,0.0,1.0,0.0,0,0
"[[0, 0], [1, 1]]","[[(1, 0), (1, 0)], [(1, 1), (1, 1)]]",50,2000,1.0,0.01,0.01,0.0,5,1,1.0,2000,100,0.0,1.0,0.0,1.0,40.414,0.0,0.06,0.94,0.0,0,0
"[[0, 0], [1, 1]]","[[(1, 0), (1, 0)], [(1, 1), (1, 1)]]",50,2000,1.0,0.01,0.01,0.0,5,1,1.0,2000,100,0.0,1.0,0.0,1.0,44.915,0.04,0.0,0.94,0.02,0,0
"[[0, 0], [1, 1]]","[[(1, 0), (1, 0)], [(1, 1), (1, 1)]]",50,2000,1.0,0.01,0.01,0.0,5,1,1.0,2000,100,0.0,1.0,0.0,0.25,5.908,0.0,0.0,0.0,1.0,0,0
"[[0, 0], [1, 1]]","[[(1, 0), (1, 0)], [(1, 1), (1, 1)]]",50,2000,1.0,0.01,0.01,0.0,5,1,1.0,2000,100,0.0,1.0,0.0,0.25,12.969,0.0,0.0,0.02,0.98,0,0
"[[0, 0], [1, 1]]","[[(1, 0), (1, 0)], [(1, 1), (1, 1)]]",50,2000,1.0,0.01,0.01,0.0,5,1,1.0,2000,100,0.0,1.0,0.0,0.25,6.243,0.0,0.04,0.0,0.96,0,0
"[[0, 0], [1, 1]]","[[(1, 0), (1, 0)], [(1, 1), (1, 1)]]",50,2000,1.0,0.01,0.01,0.0,5,1,1.0,2000,100,0.0,1.0,0.0,0.25,9.425,0.04,0.2,0.02,0.74,0,0
"[[0, 0], [1, 1]]","[[(1, 0), (1, 0)], [(1, 1), (1, 1)]]",50,2000,1.0,0.01,0.01,0.0,5,1,1.0,2000,100,0.0,1.0,0.0,0.25,12.585,0.0,0.0,0.04,0.96,0,0
"[[0, 0], [1, 1]]","[[(1, 0), (1, 0)], [(1, 1), (1, 1)]]",50,2000,1.0,0.01,0.01,0.0,5,1,1.0,2000,100,0.0,1.0,0.0,0.5,5.6,0.0,0.0,0.0,1.0,0,0
"[[0, 0], [1, 1]]","[[(1, 0), (1, 0)], [(1, 1), (1, 1)]]",50,2000,1.0,0.01,0.01,0.0,5,1,1.0,2000,100,0.0,1.0,0.0,0.5,5.09,0.02,0.0,0.06,0.92,0,0
"[[0, 0], [1, 1]]","[[(1, 0), (1, 0)], [(1, 1), (1, 1)]]",50,2000,1.0,0.01,0.01,0.0,5,1,1.0,2000,100,0.0,1.0,0.0,0.5,12.788,0.06,0.02,0.0,0.92,0,0
"[[0, 0], [1, 1]]","[[(1, 0), (1, 0)], [(1, 1), (1, 1)]]",50,2000,1.0,0.01,0.01,0.0,5,1,1.0,2000,100,0.0,1.0,0.0,0.5,5.174,0.04,0.0,0.0,0.96,0,0
"[[0, 0], [1, 1]]","[[(1, 0), (1, 0)], [(1, 1), (1, 1)]]",50,2000,1.0,0.01,0.01,0.0,5,1,1.0,2000,100,0.0,1.0,0.0,0.5,4.657,0.02,0.0,0.0,0.98,0,0
"[[0, 0], [1, 1]]","[[(1, 0), (1, 0)], [(1, 1), (1, 1)]]",50,2000,1.0,0.01,0.01,0.0,5,1,1.0,2000,100,0.0,1.0,0.0,0.75,57.079,0.24,0.76,0.0,0.0,0,0
"[[0, 0], [1, 1]]","[[(1, 0), (1, 0)], [(1, 1), (1, 1)]]",50,2000,1.0,0.01,0.01,0.0,5,1,1.0,2000,100,0.0,1.0,0.0,0.75,49.906,0.0,0.06,0.02,0.92,0,0
"[[0, 0], [1, 1]]","[[(1, 0), (1, 0)], [(1, 1), (1, 1)]]",50,2000,1.0,0.01,0.01,0.0,5,1,1.0,2000,100,0.0,1.0,0.0,0.75,39.141,0.0,0.06,0.14,0.8,0,0
"[[0, 0], [1, 1]]","[[(1, 0), (1, 0)], [(1, 1), (1, 1)]]",50,2000,1.0,0.01,0.01,0.0,5,1,1.0,2000,100,0.0,1.0,0.0,0.75,40.05,0.02,0.96,0.02,0.0,0,0
"[[0, 0], [1, 1]]","[[(1, 0), (1, 0)], [(1, 1), (1, 1)]]",50,2000,1.0,0.01,0.01,0.0,5,1,1.0,2000,100,0.0,1.0,0.0,0.75,51.6,0.0,0.0,0.0,1.0,0,0
"[[0, 0], [1, 1]]","[[(1, 0), (1, 0)], [(1, 1), (1, 1)]]",50,2000,1.0,0.01,0.01,0.0,5,1,1.0,2000,100,0.0,1.0,0.0,1.0,48.129,0.0,1.0,0.0,0.0,0,0
"[[0, 0], [1, 1]]","[[(1, 0), (1, 0)], [(1, 1), (1, 1)]]",50,2000,1.0,0.01,0.01,0.0,5,1,1.0,2000,100,0.0,1.0,0.0,1.0,38.227,0.04,0.08,0.08,0.8,0,0
"[[0, 0], [1, 1]]","[[(1, 0), (1, 0)], [(1, 1), (1, 1)]]",50,2000,1.0,0.01,0.01,0.0,5,1,1.0,2000,100,0.0,1.0,0.0,1.0,39.02,0.02,0.04,0.94,0.0,0,0
"[[0, 0], [1, 1]]","[[(1, 0), (1, 0)], [(1, 1), (1, 1)]]",50,2000,1.0,0.01,0.01,0.0,5,1,1.0,2000,100,0.0,1.0,0.0,1.0,34.047,0.0,0.0,0.0,1.0,0,0
"[[0, 0], [1, 1]]","[[(1, 0), (1, 0)], [(1, 1), (1, 1)]]",50,2000,1.0,0.01,0.01,0.0,5,1,1.0,2000,100,0.0,1.0,0.0,1.0,42.63,0.0,0.0,0.0,1.0,0,0
"[[0, 0], [1, 1]]","[[(1, 0), (1, 0)], [(1, 1), (1, 1)]]",50,2,1.0,0.01,0.01,0.0,5,1,1.0,2,0,0.0,1.0,0.0,0.25,47.8,0.22,0.38,0.08,0.32,0,0
"[[0, 0], [1, 1]]","[[(1, 0), (1, 0)], [(1, 1), (1, 1)]]",50,2,1.0,0.01,0.01,0.0,5,1,1.0,2,0,0.0,1.0,0.0,0.25,42.0,0.18,0.2,0.24,0.38,0,0
"[[0, 0], [1, 1]]","[[(1, 0), (1, 0)], [(1, 1), (1, 1)]]",50,2,1.0,0.01,0.01,0.0,5,1,1.0,2,0,0.0,1.0,0.0,0.25,52.194,0.08,0.18,0.6,0.14,0,0
"[[0, 0], [1, 1]]","[[(1, 0), (1, 0)], [(1, 1), (1, 1)]]",50,2,1.0,0.01,0.01,0.0,5,1,1.0,2,0,0.0,1.0,0.0,0.25,42.09,0.14,0.2,0.2,0.46,0,0
"[[0, 0], [1, 1]]","[[(1, 0), (1, 0)], [(1, 1), (1, 1)]]",50,2,1.0,0.01,0.01,0.0,5,1,1.0,2,0,0.0,1.0,0.0,0.25,43.0,0.16,0.28,0.22,0.34,0,0
"[[0, 0], [1, 1]]","[[(1, 0), (1, 0)], [(1, 1), (1, 1)]]",50,2,1.0,0.01,0.01,0.0,5,1,1.0,2,0,0.0,1.0,0.0,0.5,51.708,0.22,0.26,0.3,0.22,0,0
"[[0, 0], [1, 1]]","[[(1, 0), (1, 0)], [(1, 1), (1, 1)]]",50,2,1.0,0.01,0.01,0.0,5,1,1.0,2,0,0.0,1.0,0.0,0.5,39.021,0.22,0.2,0.12,0.46,0,0
"[[0, 0], [1, 1]]","[[(1, 0), (1, 0)], [(1, 1), (1, 1)]]",50,2,1.0,0.01,0.01,0.0,5,1,1.0,2,0,0.0,1.0,0.0,0.5,38.167,0.2,0.22,0.12,0.46,0,0
"[[0, 0], [1, 1]]","[[(1, 0), (1, 0)], [(1, 1), (1, 1)]]",50,2,1.0,0.01,0.01,0.0,5,1,1.0,2,0,0.0,1.0,0.0,0.5,38.15,0.08,0.3,0.22,0.4,0,0
"[[0, 0], [1, 1]]","[[(1, 0), (1, 0)], [(1, 1), (1, 1)]]",50,2,1.0,0.01,0.01,0.0,5,1,1.0,2,0,0.0,1.0,0.0,0.5,41.663,0.1,0.34,0.2,0.36,0,0
"[[0, 0], [1, 1]]","[[(1, 0), (1, 0)], [(1, 1), (1, 1)]]",50,2,1.0,0.01,0.01,0.0,5,1,1.0,2,0,0.0,1.0,0.0,0.75,31.638,0.04,0.16,0.3,0.5,0,0
"[[0, 0], [1, 1]]","[[(1, 0), (1, 0)], [(1, 1), (1, 1)]]",50,2,1.0,0.01,0.01,0.0,5,1,1.0,2,0,0.0,1.0,0.0,0.75,37.28,0.14,0.08,0.3,0.48,0,0
"[[0, 0], [1, 1]]","[[(1, 0), (1, 0)], [(1, 1), (1, 1)]]",50,2,1.0,0.01,0.01,0.0,5,1,1.0,2,0,0.0,1.0,0.0,0.75,40.94,0.1,0.34,0.3,0.26,0,0
"[[0, 0], [1, 1]]","[[(1, 0), (1, 0)], [(1, 1), (1, 1)]]",50,2,1.0,0.01,0.01,0.0,5,1,1.0,2,0,0.0,1.0,0.0,0.75,30.13,0.04,0.12,0.4,0.44,0,0
"[[0, 0], [1, 1]]","[[(1, 0), (1, 0)], [(1, 1), (1, 1)]]",50,2,1.0,0.01,0.01,0.0,5,1,1.0,2,0,0.0,1.0,0.0,0.75,32.13,0.1,0.14,0.32,0.44,0,0
"[[0, 0], [1, 1]]","[[(1, 0), (1, 0)], [(1, 1), (1, 1)]]",50,2,1.0,0.01,0.01,0.0,5,1,1.0,2,0,0.0,1.0,0.0,1.0,35.927,0.06,0.3,0.2,0.44,0,0
"[[0, 0], [1, 1]]","[[(1, 0), (1, 0)], [(1, 1), (1, 1)]]",50,2,1.0,0.01,0.01,0.0,5,1,1.0,2,0,0.0,1.0,0.0,1.0,39.48,0.14,0.18,0.32,0.36,0,0
"[[0, 0], [1, 1]]","[[(1, 0), (1, 0)], [(1, 1), (1, 1)]]",50,2,1.0,0.01,0.01,0.0,5,1,1.0,2,0,0.0,1.0,0.0,1.0,35.41,0.12,0.2,0.16,0.52,0,0
"[[0, 0], [1, 1]]","[[(1, 0), (1, 0)], [(1, 1), (1, 1)]]",50,2,1.0,0.01,0.01,0.0,5,1,1.0,2,0,0.0,1.0,0.0,1.0,34.177,0.16,0.08,0.44,0.32,0,0
"[[0, 0], [1, 1]]","[[(1, 0), (1, 0)], [(1, 1), (1, 1)]]",50,2,1.0,0.01,0.01,0.0,5,1,1.0,2,0,0.0,1.0,0.0,1.0,36.298,0.16,0.04,0.28,0.52,0,0
"[[0, 0], [1, 1]]","[[(1, 0), (1, 0)], [(1, 1), (1, 1)]]",50,2,1.0,0.01,0.01,0.0,5,1,1.0,2,0,0.0,1.0,0.0,0.25,46.135,0.14,0.32,0.1,0.44,0,0
"[[0, 0], [1, 1]]","[[(1, 0), (1, 0)], [(1, 1), (1, 1)]]",50,2,1.0,0.01,0.01,0.0,5,1,1.0,2,0,0.0,1.0,0.0,0.25,43.58,0.04,0.48,0.22,0.26,0,0
"[[0, 0], [1, 1]]","[[(1, 0), (1, 0)], [(1, 1), (1, 1)]]",50,2,1.0,0.01,0.01,0.0,5,1,1.0,2,0,0.0,1.0,0.0,0.25,38.292,0.14,0.1,0.22,0.54,0,0
"[[0, 0], [1, 1]]","[[(1, 0), (1, 0)], [(1, 1), (1, 1)]]",50,2,1.0,0.01,0.01,0.0,5,1,1.0,2,0,0.0,1.0,0.0,0.25,39.135,0.16,0.2,0.2,0.44,0,0
"[[0, 0], [1, 1]]","[[(1, 0), (1, 0)], [(1, 1), (1, 1)]]",50,2,1.0,0.01,0.01,0.0,5,1,1.0,2,0,0.0,1.0,0.0,0.25,50.95,0.18,0.32,0.38,0.12,0,0
"[[0, 0], [1, 1]]","[[(1, 0), (1, 0)], [(1, 1), (1, 1)]]",50,2,1.0,0.01,0.01,0.0,5,1,1.0,2,0,0.0,1.0,0.0,0.5,44.08,0.2,0.14,0.32,0.34,0,0
"[[0, 0], [1, 1]]","[[(1, 0), (1, 0)], [(1, 1), (1, 1)]]",50,2,1.0,0.01,0.01,0.0,5,1,1.0,2,0,0.0,1.0,0.0,0.5,43.94,0.12,0.14,0.36,0.38,0,0
"[[0, 0], [1, 1]]","[[(1, 0), (1, 0)], [(1, 1), (1, 1)]]",50,2,1.0,0.01,0.01,0.0,5,1,1.0,2,0,0.0,1.0,0.0,0.5,32.418,0.0,0.24,0.34,0.42,0,0
"[[0, 0], [1, 1]]","[[(1, 0), (1, 0)], [(1, 1), (1, 1)]]",50,2,1.0,0.01,0.01,0.0,5,1,1.0,2,0,0.0,1.0,0.0,0.5,44.1,0.16,0.32,0.24,0.28,0,0
"[[0, 0], [1, 1]]","[[(1, 0), (1, 0)], [(1, 1), (1, 1)]]",50,2,1.0,0.01,0.01,0.0,5,1,1.0,2,0,0.0,1.0,0.0,0.5,41.296,0.12,0.18,0.28,0.42,0,0
"[[0, 0], [1, 1]]","[[(1, 0), (1, 0)], [(1, 1), (1, 1)]]",50,2,1.0,0.01,0.01,0.0,5,1,1.0,2,0,0.0,1.0,0.0,0.75,27.765,0.06,0.08,0.4,0.46,0,0
"[[0, 0], [1, 1]]","[[(1, 0), (1, 0)], [(1, 1), (1, 1)]]",50,2,1.0,0.01,0.01,0.0,5,1,1.0,2,0,0.0,1.0,0.0,0.75,52.447,0.26,0.28,0.14,0.32,0,0
"[[0, 0], [1, 1]]","[[(1, 0), (1, 0)], [(1, 1), (1, 1)]]",50,2,1.0,0.01,0.01,0.0,5,1,1.0,2,0,0.0,1.0,0.0,0.75,31.89,0.14,0.12,0.14,0.6,0,0
"[[0, 0], [1, 1]]","[[(1, 0), (1, 0)], [(1, 1), (1, 1)]]",50,2,1.0,0.01,0.01,0.0,5,1,1.0,2,0,0.0,1.0,0.0,0.75,41.378,0.22,0.1,0.18,0.5,0,0
"[[0, 0], [1, 1]]","[[(1, 0), (1, 0)], [(1, 1), (1, 1)]]",50,2,1.0,0.01,0.01,0.0,5,1,1.0,2,0,0.0,1.0,0.0,0.75,57.49,0.38,0.28,0.1,0.24,0,0
"[[0, 0], [1, 1]]","[[(1, 0), (1, 0)], [(1, 1), (1, 1)]]",50,2,1.0,0.01,0.01,0.0,5,1,1.0,2,0,0.0,1.0,0.0,1.0,47.562,0.28,0.2,0.2,0.32,0,0
"[[0, 0], [1, 1]]","[[(1, 0), (1, 0)], [(1, 1), (1, 1)]]",50,2,1.0,0.01,0.01,0.0,5,1,1.0,2,0,0.0,1.0,0.0,1.0,51.67,0.16,0.4,0.34,0.1,0,0
"[[0, 0], [1, 1]]","[[(1, 0), (1, 0)], [(1, 1), (1, 1)]]",50,2,1.0,0.01,0.01,0.0,5,1,1.0,2,0,0.0,1.0,0.0,1.0,45.184,0.2,0.18,0.4,0.22,0,0
"[[0, 0], [1, 1]]","[[(1, 0), (1, 0)], [(1, 1), (1, 1)]]",50,2,1.0,0.01,0.01,0.0,5,1,1.0,2,0,0.0,1.0,0.0,1.0,40.65,0.1,0.26,0.12,0.52,0,0
"[[0, 0], [1, 1]]","[[(1, 0), (1, 0)], [(1, 1), (1, 1)]]",50,2,1.0,0.01,0.01,0.0,5,1,1.0,2,0,0.0,1.0,0.0,1.0,41.48,0.1,0.32,0.26,0.32,0,0
"[[0, 0], [1, 1]]","[[(1, 0), (1, 0)], [(1, 1), (1, 1)]]",50,2,1.0,0.01,0.01,0.0,5,1,1.0,2,0,0.0,1.0,0.0,0.75,54.56,0.14,0.34,0.3,0.22,0,0
"[[0, 0], [1, 1]]","[[(1, 0), (1, 0)], [(1, 1), (1, 1)]]",50,2,1.0,0.01,0.01,0.0,5,1,1.0,2,0,0.0,1.0,0.0,0.75,40.41,0.06,0.18,0.4,0.36,0,0
"[[0, 0], [1, 1]]","[[(1, 0), (1, 0)], [(1, 1), (1, 1)]]",50,2,1.0,0.01,0.01,0.0,5,1,1.0,2,0,0.0,1.0,0.0,0.75,35.08,0.16,0.14,0.32,0.38,0,0
"[[0, 0], [1, 1]]","[[(1, 0), (1, 0)], [(1, 1), (1, 1)]]",50,2,1.0,0.01,0.01,0.0,5,1,1.0,2,0,0.0,1.0,0.0,0.75,43.07,0.24,0.1,0.3,0.36,0,0
"[[0, 0], [1, 1]]","[[(1, 0), (1, 0)], [(1, 1), (1, 1)]]",50,2,1.0,0.01,0.01,0.0,5,1,1.0,2,0,0.0,1.0,0.0,0.75,48.959,0.18,0.3,0.18,0.34,0,0
"[[0, 0], [1, 1]]","[[(1, 0), (1, 0)], [(1, 1), (1, 1)]]",50,2,1.0,0.01,0.01,0.0,5,1,1.0,2,0,0.0,1.0,0.0,1.0,30.196,0.14,0.1,0.22,0.54,0,0
"[[0, 0], [1, 1]]","[[(1, 0), (1, 0)], [(1, 1), (1, 1)]]",50,2,1.0,0.01,0.01,0.0,5,1,1.0,2,0,0.0,1.0,0.0,1.0,47.776,0.22,0.04,0.38,0.36,0,0
"[[0, 0], [1, 1]]","[[(1, 0), (1, 0)], [(1, 1), (1, 1)]]",50,2,1.0,0.01,0.01,0.0,5,1,1.0,2,0,0.0,1.0,0.0,1.0,46.447,0.1,0.12,0.64,0.14,0,0
"[[0, 0], [1, 1]]","[[(1, 0), (1, 0)], [(1, 1), (1, 1)]]",50,2,1.0,0.01,0.01,0.0,5,1,1.0,2,0,0.0,1.0,0.0,1.0,42.204,0.14,0.2,0.4,0.26,0,0
"[[0, 0], [1, 1]]","[[(1, 0), (1, 0)], [(1, 1), (1, 1)]]",50,2,1.0,0.01,0.01,0.0,5,1,1.0,2,0,0.0,1.0,0.0,1.0,41.188,0.28,0.1,0.32,0.3,0,0
"[[0, 0], [1, 1]]","[[(1, 0), (1, 0)], [(1, 1), (1, 1)]]",50,2,1.0,0.01,0.01,0.0,5,1,1.0,2,0,0.0,1.0,0.0,0.75,51.33,0.16,0.36,0.18,0.3,0,0
"[[0, 0], [1, 1]]","[[(1, 0), (1, 0)], [(1, 1), (1, 1)]]",50,2,1.0,0.01,0.01,0.0,5,1,1.0,2,0,0.0,1.0,0.0,0.75,35.19,0.18,0.16,0.12,0.54,0,0
"[[0, 0], [1, 1]]","[[(1, 0), (1, 0)], [(1, 1), (1, 1)]]",50,2,1.0,0.01,0.01,0.0,5,1,1.0,2,0,0.0,1.0,0.0,0.75,37.0,0.16,0.24,0.16,0.44,0,0
"[[0, 0], [1, 1]]","[[(1, 0), (1, 0)], [(1, 1), (1, 1)]]",50,2,1.0,0.01,0.01,0.0,5,1,1.0,2,0,0.0,1.0,0.0,0.75,46.681,0.26,0.2,0.18,0.36,0,0
"[[0, 0], [1, 1]]","[[(1, 0), (1, 0)], [(1, 1), (1, 1)]]",50,2,1.0,0.01,0.01,0.0,5,1,1.0,2,0,0.0,1.0,0.0,0.75,41.612,0.18,0.28,0.18,0.36,0,0
"[[0, 0], [1, 1]]","[[(1, 0), (1, 0)], [(1, 1), (1, 1)]]",50,2,1.0,0.01,0.01,0.0,5,1,1.0,2,0,0.0,1.0,0.0,1.0,37.153,0.18,0.04,0.44,0.34,0,0
"[[0, 0], [1, 1]]","[[(1, 0), (1, 0)], [(1, 1), (1, 1)]]",50,2,1.0,0.01,0.01,0.0,5,1,1.0,2,0,0.0,1.0,0.0,1.0,44.663,0.16,0.1,0.58,0.16,0,0
"[[0, 0], [1, 1]]","[[(1, 0), (1, 0)], [(1, 1), (1, 1)]]",50,2,1.0,0.01,0.01,0.0,5,1,1.0,2,0,0.0,1.0,0.0,1.0,39.173,0.12,0.04,0.4,0.44,0,0
"[[0, 0], [1, 1]]","[[(1, 0), (1, 0)], [(1, 1), (1, 1)]]",50,2,1.0,0.01,0.01,0.0,5,1,1.0,2,0,0.0,1.0,0.0,1.0,35.918,0.12,0.18,0.16,0.54,0,0
"[[0, 0], [1, 1]]","[[(1, 0), (1, 0)], [(1, 1), (1, 1)]]",50,2,1.0,0.01,0.01,0.0,5,1,1.0,2,0,0.0,1.0,0.0,1.0,65.646,0.14,0.42,0.1,0.34,0,0
"[[0, 0], [1, 1]]","[[(1, 0), (1, 0)], [(1, 1), (1, 1)]]",50,2000,1.0,0.01,0.01,0.0,5,1,1.0,2000,100,0.0,1.0,0.0,0.25,10.396,0.0,0.0,0.0,1.0,0,0
"[[0, 0], [1, 1]]","[[(1, 0), (1, 0)], [(1, 1), (1, 1)]]",50,2000,1.0,0.01,0.01,0.0,5,1,1.0,2000,100,0.0,1.0,0.0,0.25,16.922,0.0,0.0,0.0,1.0,0,0
"[[0, 0], [1, 1]]","[[(1, 0), (1, 0)], [(1, 1), (1, 1)]]",50,2000,1.0,0.01,0.01,0.0,5,1,1.0,2000,100,0.0,1.0,0.0,0.25,6.169,0.04,0.04,0.0,0.92,0,0
"[[0, 0], [1, 1]]","[[(1, 0), (1, 0)], [(1, 1), (1, 1)]]",50,2000,1.0,0.01,0.01,0.0,5,1,1.0,2000,100,0.0,1.0,0.0,0.25,6.018,0.0,0.04,0.04,0.92,0,0
"[[0, 0], [1, 1]]","[[(1, 0), (1, 0)], [(1, 1), (1, 1)]]",50,2000,1.0,0.01,0.01,0.0,5,1,1.0,2000,100,0.0,1.0,0.0,0.25,19.256,0.0,0.04,0.0,0.96,0,0
"[[0, 0], [1, 1]]","[[(1, 0), (1, 0)], [(1, 1), (1, 1)]]",50,2000,1.0,0.01,0.01,0.0,5,1,1.0,2000,100,0.0,1.0,0.0,0.5,15.711,0.04,0.0,0.0,0.96,0,0
"[[0, 0], [1, 1]]","[[(1, 0), (1, 0)], [(1, 1), (1, 1)]]",50,2000,1.0,0.01,0.01,0.0,5,1,1.0,2000,100,0.0,1.0,0.0,0.5,24.072,0.0,0.02,0.08,0.9,0,0
"[[0, 0], [1, 1]]","[[(1, 0), (1, 0)], [(1, 1), (1, 1)]]",50,2000,1.0,0.01,0.01,0.0,5,1,1.0,2000,100,0.0,1.0,0.0,0.5,5.185,0.0,0.0,0.06,0.94,0,0
"[[0, 0], [1, 1]]","[[(1, 0), (1, 0)], [(1, 1), (1, 1)]]",50,2000,1.0,0.01,0.01,0.0,5,1,1.0,2000,100,0.0,1.0,0.0,0.5,16.167,0.0,0.04,0.02,0.94,0,0
"[[0, 0], [1, 1]]","[[(1, 0), (1, 0)], [(1, 1), (1, 1)]]",50,2000,1.0,0.01,0.01,0.0,5,1,1.0,2000,100,0.0,1.0,0.0,0.5,5.384,0.0,0.02,0.06,0.92,0,0
"[[0, 0], [1, 1]]","[[(1, 0), (1, 0)], [(1, 1), (1, 1)]]",50,2000,1.0,0.01,0.01,0.0,5,1,1.0,2000,100,0.0,1.0,0.0,0.75,29.336,0.0,0.02,0.02,0.96,0,0
"[[0, 0], [1, 1]]","[[(1, 0), (1, 0)], [(1, 1), (1, 1)]]",50,2000,1.0,0.01,0.01,0.0,5,1,1.0,2000,100,0.0,1.0,0.0,0.75,56.745,0.18,0.82,0.0,0.0,0,0
"[[0, 0], [1, 1]]","[[(1, 0), (1, 0)], [(1, 1), (1, 1)]]",50,2000,1.0,0.01,0.01,0.0,5,1,1.0,2000,100,0.0,1.0,0.0,0.75,48.601,0.0,0.0,0.02,0.98,0,0
"[[0, 0], [1, 1]]","[[(1, 0), (1, 0)], [(1, 1), (1, 1)]]",50,2000,1.0,0.01,0.01,0.0,5,1,1.0,2000,100,0.0,1.0,0.0,0.75,41.375,0.0,0.04,0.9,0.06,0,0
"[[0, 0], [1, 1]]","[[(1, 0), (1, 0)], [(1, 1), (1, 1)]]",50,2000,1.0,0.01,0.01,0.0,5,1,1.0,2000,100,0.0,1.0,0.0,0.75,32.16,0.0,0.14,0.0,0.86,0,0
"[[0, 0], [1, 1]]","[[(1, 0), (1, 0)], [(1, 1), (1, 1)]]",50,2000,1.0,0.01,0.01,0.0,5,1,1.0,2000,100,0.0,1.0,0.0,1.0,37.461,0.0,0.44,0.02,0.54,0,0
"[[0, 0], [1, 1]]","[[(1, 0), (1, 0)], [(1, 1), (1, 1)]]",50,2000,1.0,0.01,0.01,0.0,5,1,1.0,2000,100,0.0,1.0,0.0,1.0,46.279,0.02,0.74,0.22,0.02,0,0
"[[0, 0], [1, 1]]","[[(1, 0), (1, 0)], [(1, 1), (1, 1)]]",50,2000,1.0,0.01,0.01,0.0,5,1,1.0,2000,100,0.0,1.0,0.0,1.0,39.916,0.0,0.02,0.96,0.02,0,0
"[[0, 0], [1, 1]]","[[(1, 0), (1, 0)], [(1, 1), (1, 1)]]",50,2000,1.0,0.01,0.01,0.0,5,1,1.0,2000,100,0.0,1.0,0.0,1.0,32.613,0.0,0.0,0.98,0.02,0,0
"[[0, 0], [1, 1]]","[[(1, 0), (1, 0)], [(1, 1), (1, 1)]]",50,2000,1.0,0.01,0.01,0.0,5,1,1.0,2000,100,0.0,1.0,0.0,1.0,42.788,0.0,0.02,0.14,0.84,0,0
"[[0, 0], [1, 1]]","[[(1, 0), (1, 0)], [(0, 1), (0, 1)]]",50,2000,1.0,0.01,0.01,0.0,5,1,1.0,2000,100,0.0,1.0,0.0,0.25,5.524,0.04,0.04,0.0,0.92,0,0
"[[0, 0], [1, 1]]","[[(1, 0), (1, 0)], [(0, 1), (0, 1)]]",50,2000,1.0,0.01,0.01,0.0,5,1,1.0,2000,100,0.0,1.0,0.0,0.25,7.529,0.0,0.02,0.04,0.94,0,0
"[[0, 0], [1, 1]]","[[(1, 0), (1, 0)], [(0, 1), (0, 1)]]",50,2000,1.0,0.01,0.01,0.0,5,1,1.0,2000,100,0.0,1.0,0.0,0.25,7.791,0.02,0.2,0.0,0.78,0,0
"[[0, 0], [1, 1]]","[[(1, 0), (1, 0)], [(0, 1), (0, 1)]]",50,2000,1.0,0.01,0.01,0.0,5,1,1.0,2000,100,0.0,1.0,0.0,0.25,5.517,0.0,0.02,0.02,0.96,0,0
"[[0, 0], [1, 1]]","[[(1, 0), (1, 0)], [(0, 1), (0, 1)]]",50,2000,1.0,0.01,0.01,0.0,5,1,1.0,2000,100,0.0,1.0,0.0,0.25,6.105,0.06,0.16,0.06,0.72,0,0
"[[0, 0], [1, 1]]","[[(1, 0), (1, 0)], [(0, 1), (0, 1)]]",50,2000,1.0,0.01,0.01,0.0,5,1,1.0,2000,100,0.0,1.0,0.0,0.5,4.941,0.06,0.0,0.0,0.94,0,0
"[[0, 0], [1, 1]]","[[(1, 0), (1, 0)], [(0, 1), (0, 1)]]",50,2000,1.0,0.01,0.01,0.0,5,1,1.0,2000,100,0.0,1.0,0.0,0.5,5.751,0.02,0.02,0.0,0.96,0,0
"[[0, 0], [1, 1]]","[[(1, 0), (1, 0)], [(0, 1), (0, 1)]]",50,2000,1.0,0.01,0.01,0.0,5,1,1.0,2000,100,0.0,1.0,0.0,0.5,5.976,0.02,0.0,0.02,0.96,0,0
"[[0, 0], [1, 1]]","[[(1, 0), (1, 0)], [(0, 1), (0, 1)]]",50,2000,1.0,0.01,0.01,0.0,5,1,1.0,2000,100,0.0,1.0,0.0,0.5,5.285,0.02,0.0,0.0,0.98,0,0
"[[0, 0], [1, 1]]","[[(1, 0), (1, 0)], [(0, 1), (0, 1)]]",50,2000,1.0,0.01,0.01,0.0,5,1,1.0,2000,100,0.0,1.0,0.0,0.5,5.117,0.0,0.0,0.0,1.0,0,0
"[[0, 0], [1, 1]]","[[(1, 0), (1, 0)], [(0, 1), (0, 1)]]",50,2000,1.0,0.01,0.01,0.0,5,1,1.0,2000,100,0.0,1.0,0.0,0.75,21.355,0.06,0.1,0.0,0.84,0,0
"[[0, 0], [1, 1]]","[[(1, 0), (1, 0)], [(0, 1), (0, 1)]]",50,2000,1.0,0.01,0.01,0.0,5,1,1.0,2000,100,0.0,1.0,0.0,0.75,19.053,0.02,0.0,0.08,0.9,0,0
"[[0, 0], [1, 1]]","[[(1, 0), (1, 0)], [(0, 1), (0, 1)]]",50,2000,1.0,0.01,0.01,0.0,5,1,1.0,2000,100,0.0,1.0,0.0,0.75,21.1,0.02,0.0,0.02,0.96,0,0
"[[0, 0], [1, 1]]","[[(1, 0), (1, 0)], [(0, 1), (0, 1)]]",50,2000,1.0,0.01,0.01,0.0,5,1,1.0,2000,100,0.0,1.0,0.0,0.75,17.969,0.02,0.0,0.0,0.98,0,0
"[[0, 0], [1, 1]]","[[(1, 0), (1, 0)], [(0, 1), (0, 1)]]",50,2000,1.0,0.01,0.01,0.0,5,1,1.0,2000,100,0.0,1.0,0.0,0.75,15.861,0.0,0.02,0.14,0.84,0,0
"[[0, 0], [1, 1]]","[[(1, 0), (1, 0)], [(0, 1), (0, 1)]]",50,2000,1.0,0.01,0.01,0.0,5,1,1.0,2000,100,0.0,1.0,0.0,1.0,29.265,0.66,0.0,0.3,0.04,0,0
"[[0, 0], [1, 1]]","[[(1, 0), (1, 0)], [(0, 1), (0, 1)]]",50,2000,1.0,0.01,0.01,0.0,5,1,1.0,2000,100,0.0,1.0,0.0,1.0,23.124,0.54,0.36,0.06,0.04,0,0
"[[0, 0], [1, 1]]","[[(1, 0), (1, 0)], [(0, 1), (0, 1)]]",50,2000,1.0,0.01,0.01,0.0,5,1,1.0,2000,100,0.0,1.0,0.0,1.0,27.763,0.78,0.0,0.16,0.06,0,0
"[[0, 0], [1, 1]]","[[(1, 0), (1, 0)], [(0, 1), (0, 1)]]",50,2000,1.0,0.01,0.01,0.0,5,1,1.0,2000,100,0.0,1.0,0.0,1.0,28.706,0.0,0.1,0.0,0.9,0,0
"[[0, 0], [1, 1]]","[[(1, 0), (1, 0)], [(0, 1), (0, 1)]]",50,2000,1.0,0.01,0.01,0.0,5,1,1.0,2000,100,0.0,1.0,0.0,1.0,24.663,0.1,0.74,0.12,0.04,0,0
"[[0, 0], [1, 1]]","[[(1, 0), (1, 0)], [(0, 1), (0, 1)]]",50,2000,1.0,0.01,0.01,0.0,5,1,1.0,2000,100,0.0,1.0,0.0,0.25,8.111,0.0,0.16,0.06,0.78,0,0
"[[0, 0], [1, 1]]","[[(1, 0), (1, 0)], [(0, 1), (0, 1)]]",50,2000,1.0,0.01,0.01,0.0,5,1,1.0,2000,100,0.0,1.0,0.0,0.25,8.284,0.0,0.0,0.0,1.0,0,0
"[[0, 0], [1, 1]]","[[(1, 0), (1, 0)], [(0, 1), (0, 1)]]",50,2000,1.0,0.01,0.01,0.0,5,1,1.0,2000,100,0.0,1.0,0.0,0.25,6.638,0.0,0.08,0.0,0.92,0,0
"[[0, 0], [1, 1]]","[[(1, 0), (1, 0)], [(0, 1), (0, 1)]]",50,2000,1.0,0.01,0.01,0.0,5,1,1.0,2000,100,0.0,1.0,0.0,0.25,5.819,0.0,0.0,0.04,0.96,0,0
"[[0, 0], [1, 1]]","[[(1, 0), (1, 0)], [(0, 1), (0, 1)]]",50,2000,1.0,0.01,0.01,0.0,5,1,1.0,2000,100,0.0,1.0,0.0,0.25,7.354,0.02,0.0,0.0,0.98,0,0
"[[0, 0], [1, 1]]","[[(1, 0), (1, 0)], [(0, 1), (0, 1)]]",50,2000,1.0,0.01,0.01,0.0,5,1,1.0,2000,100,0.0,1.0,0.0,0.5,5.511,0.04,0.0,0.0,0.96,0,0
"[[0, 0], [1, 1]]","[[(1, 0), (1, 0)], [(0, 1), (0, 1)]]",50,2000,1.0,0.01,0.01,0.0,5,1,1.0,2000,100,0.0,1.0,0.0,0.5,5.769,0.0,0.0,0.0,1.0,0,0
"[[0, 0], [1, 1]]","[[(1, 0), (1, 0)], [(0, 1), (0, 1)]]",50,2000,1.0,0.01,0.01,0.0,5,1,1.0,2000,100,0.0,1.0,0.0,0.5,7.287,0.02,0.0,0.02,0.96,0,0
"[[0, 0], [1, 1]]","[[(1, 0), (1, 0)], [(0, 1), (0, 1)]]",50,2000,1.0,0.01,0.01,0.0,5,1,1.0,2000,100,0.0,1.0,0.0,0.5,5.298,0.0,0.0,0.02,0.98,0,0
"[[0, 0], [1, 1]]","[[(1, 0), (1, 0)], [(0, 1), (0, 1)]]",50,2000,1.0,0.01,0.01,0.0,5,1,1.0,2000,100,0.0,1.0,0.0,0.5,5.391,0.0,0.0,0.02,0.98,0,0
"[[0, 0], [1, 1]]","[[(1, 0), (1, 0)], [(0, 1), (0, 1)]]",50,2000,1.0,0.01,0.01,0.0,5,1,1.0,2000,100,0.0,1.0,0.0,0.75,17.648,0.0,0.22,0.14,0.64,0,0
"[[0, 0], [1, 1]]","[[(1, 0), (1, 0)], [(0, 1), (0, 1)]]",50,2000,1.0,0.01,0.01,0.0,5,1,1.0,2000,100,0.0,1.0,0.0,0.75,17.622,0.12,0.72,0.08,0.08,0,0
"[[0, 0], [1, 1]]","[[(1, 0), (1, 0)], [(0, 1), (0, 1)]]",50,2000,1.0,0.01,0.01,0.0,5,1,1.0,2000,100,0.0,1.0,0.0,0.75,20.165,0.04,0.0,0.1,0.86,0,0
"[[0, 0], [1, 1]]","[[(1, 0), (1, 0)], [(0, 1), (0, 1)]]",50,2000,1.0,0.01,0.01,0.0,5,1,1.0,2000,100,0.0,1.0,0.0,0.75,23.963,0.0,0.0,0.02,0.98,0,0
"[[0, 0], [1, 1]]","[[(1, 0), (1, 0)], [(0, 1), (0, 1)]]",50,2000,1.0,0.01,0.01,0.0,5,1,1.0,2000,100,0.0,1.0,0.0,0.75,13.588,0.02,0.0,0.02,0.96,0,0
"[[0, 0], [1, 1]]","[[(1, 0), (1, 0)], [(0, 1), (0, 1)]]",50,2000,1.0,0.01,0.01,0.0,5,1,1.0,2000,100,0.0,1.0,0.0,1.0,26.947,0.0,0.04,0.0,0.96,0,0
"[[0, 0], [1, 1]]","[[(1, 0), (1, 0)], [(0, 1), (0, 1)]]",50,2000,1.0,0.01,0.01,0.0,5,1,1.0,2000,100,0.0,1.0,0.0,1.0,25.687,0.0,0.0,0.02,0.98,0,0
"[[0, 0], [1, 1]]","[[(1, 0), (1, 0)], [(0, 1), (0, 1)]]",50,2000,1.0,0.01,0.01,0.0,5,1,1.0,2000,100,0.0,1.0,0.0,1.0,26.658,0.2,0.14,0.04,0.62,0,0
"[[0, 0], [1, 1]]","[[(1, 0), (1, 0)], [(0, 1), (0, 1)]]",50,2000,1.0,0.01,0.01,0.0,5,1,1.0,2000,100,0.0,1.0,0.0,1.0,25.609,0.0,0.46,0.02,0.52,0,0
"[[0, 0], [1, 1]]","[[(1, 0), (1, 0)], [(0, 1), (0, 1)]]",50,2000,1.0,0.01,0.01,0.0,5,1,1.0,2000,100,0.0,1.0,0.0,1.0,18.724,0.02,0.0,0.08,0.9,0,0
"[[0, 0], [1, 1]]","[[(1, 0), (1, 0)], [(0, 1), (0, 1)]]",50,200,1.0,0.01,0.01,0.0,5,1,1.0,200,10,0.0,1.0,0.0,0.25,12.394,0.02,0.02,0.0,0.96,0,0
"[[0, 0], [1, 1]]","[[(1, 0), (1, 0)], [(0, 1), (0, 1)]]",50,200,1.0,0.01,0.01,0.0,5,1,1.0,200,10,0.0,1.0,0.0,0.5,5.628,0.0,0.04,0.04,0.92,0,0
"[[0, 0], [1, 1]]","[[(1, 0), (1, 0)], [(0, 1), (0, 1)]]",50,200,1.0,0.01,0.01,0.0,5,1,1.0,200,10,0.0,1.0,0.0,0.75,19.162,0.02,0.14,0.04,0.8,0,0
"[[0, 0], [1, 1]]","[[(1, 0), (1, 0)], [(0, 1), (0, 1)]]",50,200,1.0,0.01,0.01,0.0,5,1,1.0,200,10,0.0,1.0,0.0,1.0,11.202,0.06,0.56,0.3,0.08,0,0
"[[0, 0], [1, 1]]","[[(1, 0), (1, 0)], [(0, 1), (0, 1)]]",50,2000,1.0,0.01,0.01,0.0,5,1,1.0,2000,100,0.0,1.0,0.0,0.25,5.732,0.02,0.04,0.0,0.94,0,0
"[[0, 0], [1, 1]]","[[(1, 0), (1, 0)], [(0, 1), (0, 1)]]",50,2000,1.0,0.01,0.01,0.0,5,1,1.0,2000,100,0.0,1.0,0.0,0.25,11.723,0.06,0.02,0.0,0.92,0,0
"[[0, 0], [1, 1]]","[[(1, 0), (1, 0)], [(0, 1), (0, 1)]]",50,2000,1.0,0.01,0.01,0.0,5,1,1.0,2000,100,0.0,1.0,0.0,0.25,5.376,0.04,0.02,0.04,0.9,0,0
"[[0, 0], [1, 1]]","[[(1, 0), (1, 0)], [(0, 1), (0, 1)]]",50,2000,1.0,0.01,0.01,0.0,5,1,1.0,2000,100,0.0,1.0,0.0,0.25,5.889,0.1,0.1,0.02,0.78,0,0
"[[0, 0], [1, 1]]","[[(1, 0), (1, 0)], [(0, 1), (0, 1)]]",50,2000,1.0,0.01,0.01,0.0,5,1,1.0,2000,100,0.0,1.0,0.0,0.25,6.148,0.0,0.0,0.0,1.0,0,0
"[[0, 0], [1, 1]]","[[(1, 0), (1, 0)], [(0, 1), (0, 1)]]",50,2000,1.0,0.01,0.01,0.0,5,1,1.0,2000,100,0.0,1.0,0.0,0.25,6.09,0.0,0.08,0.08,0.84,0,0
"[[0, 0], [1, 1]]","[[(1, 0), (1, 0)], [(0, 1), (0, 1)]]",50,2000,1.0,0.01,0.01,0.0,5,1,1.0,2000,100,0.0,1.0,0.0,0.25,6.479,0.0,0.04,0.06,0.9,0,0
"[[0, 0], [1, 1]]","[[(1, 0), (1, 0)], [(0, 1), (0, 1)]]",50,2000,1.0,0.01,0.01,0.0,5,1,1.0,2000,100,0.0,1.0,0.0,0.25,6.452,0.0,0.08,0.02,0.9,0,0
"[[0, 0], [1, 1]]","[[(1, 0), (1, 0)], [(0, 1), (0, 1)]]",50,2000,1.0,0.01,0.01,0.0,5,1,1.0,2000,100,0.0,1.0,0.0,0.25,7.678,0.02,0.02,0.0,0.96,0,0
"[[0, 0], [1, 1]]","[[(1, 0), (1, 0)], [(0, 1), (0, 1)]]",50,2000,1.0,0.01,0.01,0.0,5,1,1.0,2000,100,0.0,1.0,0.0,0.25,6.176,0.02,0.06,0.0,0.92,0,0
"[[0, 0], [1, 1]]","[[(1, 0), (1, 0)], [(0, 1), (0, 1)]]",50,2000,1.0,0.01,0.01,0.0,5,1,1.0,2000,100,0.0,1.0,0.0,0.5,6.302,0.0,0.06,0.04,0.9,0,0
"[[0, 0], [1, 1]]","[[(1, 0), (1, 0)], [(0, 1), (0, 1)]]",50,2000,1.0,0.01,0.01,0.0,5,1,1.0,2000,100,0.0,1.0,0.0,0.5,5.204,0.0,0.0,0.08,0.92,0,0
"[[0, 0], [1, 1]]","[[(1, 0), (1, 0)], [(0, 1), (0, 1)]]",50,2000,1.0,0.01,0.01,0.0,5,1,1.0,2000,100,0.0,1.0,0.0,0.5,5.168,0.02,0.0,0.0,0.98,0,0
"[[0, 0], [1, 1]]","[[(1, 0), (1, 0)], [(0, 1), (0, 1)]]",50,2000,1.0,0.01,0.01,0.0,5,1,1.0,2000,100,0.0,1.0,0.0,0.5,5.07,0.0,0.0,0.0,1.0,0,0
"[[0, 0], [1, 1]]","[[(1, 0), (1, 0)], [(0, 1), (0, 1)]]",50,2000,1.0,0.01,0.01,0.0,5,1,1.0,2000,100,0.0,1.0,0.0,0.5,5.586,0.02,0.04,0.04,0.9,0,0
"[[0, 0], [1, 1]]","[[(1, 0), (1, 0)], [(0, 1), (0, 1)]]",50,2000,1.0,0.01,0.01,0.0,5,1,1.0,2000,100,0.0,1.0,0.0,0.75,16.797,0.0,0.0,0.0,1.0,0,0
"[[0, 0], [1, 1]]","[[(1, 0), (1, 0)], [(0, 1), (0, 1)]]",50,2000,1.0,0.01,0.01,0.0,5,1,1.0,2000,100,0.0,1.0,0.0,0.75,13.817,0.22,0.5,0.24,0.04,0,0
"[[0, 0], [1, 1]]","[[(1, 0), (1, 0)], [(0, 1), (0, 1)]]",50,2000,1.0,0.01,0.01,0.0,5,1,1.0,2000,100,0.0,1.0,0.0,0.75,18.28,0.02,0.02,0.06,0.9,0,0
"[[0, 0], [1, 1]]","[[(1, 0), (1, 0)], [(0, 1), (0, 1)]]",50,2000,1.0,0.01,0.01,0.0,5,1,1.0,2000,100,0.0,1.0,0.0,0.75,10.405,0.02,0.04,0.14,0.8,0,0
"[[0, 0], [1, 1]]","[[(1, 0), (1, 0)], [(0, 1), (0, 1)]]",50,2000,1.0,0.01,0.01,0.0,5,1,1.0,2000,100,0.0,1.0,0.0,0.75,16.592,0.02,0.08,0.0,0.9,0,0
"[[0, 0], [1, 1]]","[[(1, 0), (1, 0)], [(0, 1), (0, 1)]]",50,2000,1.0,0.01,0.01,0.0,5,1,1.0,2000,100,0.0,1.0,0.0,1.0,25.199,0.18,0.74,0.0,0.08,0,0
"[[0, 0], [1, 1]]","[[(1, 0), (1, 0)], [(0, 1), (0, 1)]]",50,2000,1.0,0.01,0.01,0.0,5,1,1.0,2000,100,0.0,1.0,0.0,1.0,27.273,0.0,0.0,0.0,1.0,0,0
"[[0, 0], [1, 1]]","[[(1, 0), (1, 0)], [(0, 1), (0, 1)]]",50,2000,1.0,0.01,0.01,0.0,5,1,1.0,2000,100,0.0,1.0,0.0,1.0,27.76,0.06,0.02,0.04,0.88,0,0
"[[0, 0], [1, 1]]","[[(1, 0), (1, 0)], [(0, 1), (0, 1)]]",50,2000,1.0,0.01,0.01,0.0,5,1,1.0,2000,100,0.0,1.0,0.0,1.0,24.411,0.0,0.46,0.1,0.44,0,0
"[[0, 0], [1, 1]]","[[(1, 0), (1, 0)], [(0, 1), (0, 1)]]",50,2000,1.0,0.01,0.01,0.0,5,1,1.0,2000,100,0.0,1.0,0.0,1.0,24.029,0.02,0.06,0.0,0.92,0,0
"[[0, 0], [1, 1]]","[[(1, 0), (1, 0)], [(0, 1), (0, 1)]]",50,2000,1.0,0.01,0.01,0.0,5,1,1.0,2000,100,0.0,1.0,0.0,0.25,5.644,0.0,0.0,0.0,1.0,0,0
"[[0, 0], [1, 1]]","[[(1, 0), (1, 0)], [(0, 1), (0, 1)]]",50,2000,1.0,0.01,0.01,0.0,5,1,1.0,2000,100,0.0,1.0,0.0,0.25,13.688,0.0,0.06,0.0,0.94,0,0
"[[0, 0], [1, 1]]","[[(1, 0), (1, 0)], [(0, 1), (0, 1)]]",50,2000,1.0,0.01,0.01,0.0,5,1,1.0,2000,100,0.0,1.0,0.0,0.25,5.487,0.0,0.02,0.12,0.86,0,0
"[[0, 0], [1, 1]]","[[(1, 0), (1, 0)], [(0, 1), (0, 1)]]",50,2000,1.0,0.01,0.01,0.0,5,1,1.0,2000,100,0.0,1.0,0.0,0.25,10.262,0.0,0.32,0.0,0.68,0,0
"[[0, 0], [1, 1]]","[[(1, 0), (1, 0)], [(0, 1), (0, 1)]]",50,2000,1.0,0.01,0.01,0.0,5,1,1.0,2000,100,0.0,1.0,0.0,0.25,8.471,0.02,0.02,0.02,0.94,0,0
"[[0, 0], [1, 1]]","[[(1, 0), (1, 0)], [(0, 1), (0, 1)]]",50,2000,1.0,0.01,0.01,0.0,5,1,1.0,2000,100,0.0,1.0,0.0,0.5,5.253,0.0,0.0,0.0,1.0,0,0
"[[0, 0], [1, 1]]","[[(1, 0), (1, 0)], [(0, 1), (0, 1)]]",50,2000,1.0,0.01,0.01,0.0,5,1,1.0,2000,100,0.0,1.0,0.0,0.5,5.211,0.0,0.1,0.0,0.9,0,0
"[[0, 0], [1, 1]]","[[(1, 0), (1, 0)], [(0, 1), (0, 1)]]",50,2000,1.0,0.01,0.01,0.0,5,1,1.0,2000,100,0.0,1.0,0.0,0.5,5.081,0.04,0.0,0.0,0.96,0,0
"[[0, 0], [1, 1]]","[[(1, 0), (1, 0)], [(0, 1), (0, 1)]]",50,2000,1.0,0.01,0.01,0.0,5,1,1.0,2000,100,0.0,1.0,0.0,0.5,6.591,0.0,0.0,0.0,1.0,0,0
"[[0, 0], [1, 1]]","[[(1, 0), (1, 0)], [(0, 1), (0, 1)]]",50,2000,1.0,0.01,0.01,0.0,5,1,1.0,2000,100,0.0,1.0,0.0,0.5,5.462,0.02,0.02,0.06,0.9,0,0
"[[0, 0], [1, 1]]","[[(1, 0), (1, 0)], [(0, 1), (0, 1)]]",50,2000,1.0,0.01,0.01,0.0,5,1,1.0,2000,100,0.0,1.0,0.0,0.75,23.994,0.06,0.58,0.16,0.2,0,0
"[[0, 0], [1, 1]]","[[(1, 0), (1, 0)], [(0, 1), (0, 1)]]",50,2000,1.0,0.01,0.01,0.0,5,1,1.0,2000,100,0.0,1.0,0.0,0.75,20.059,0.0,0.14,0.0,0.86,0,0
"[[0, 0], [1, 1]]","[[(1, 0), (1, 0)], [(0, 1), (0, 1)]]",50,2000,1.0,0.01,0.01,0.0,5,1,1.0,2000,100,0.0,1.0,0.0,0.75,18.787,0.7,0.28,0.0,0.02,0,0
"[[0, 0], [1, 1]]","[[(1, 0), (1, 0)], [(0, 1), (0, 1)]]",50,2000,1.0,0.01,0.01,0.0,5,1,1.0,2000,100,0.0,1.0,0.0,0.75,16.926,0.0,0.0,0.0,1.0,0,0
"[[0, 0], [1, 1]]","[[(1, 0), (1, 0)], [(0, 1), (0, 1)]]",50,2000,1.0,0.01,0.01,0.0,5,1,1.0,2000,100,0.0,1.0,0.0,0.75,17.287,0.0,0.08,0.84,0.08,0,0
"[[0, 0], [1, 1]]","[[(1, 0), (1, 0)], [(0, 1), (0, 1)]]",50,2000,1.0,0.01,0.01,0.0,5,1,1.0,2000,100,0.0,1.0,0.0,1.0,28.194,0.1,0.02,0.0,0.88,0,0
"[[0, 0], [1, 1]]","[[(1, 0), (1, 0)], [(0, 1), (0, 1)]]",50,2000,1.0,0.01,0.01,0.0,5,1,1.0,2000,100,0.0,1.0,0.0,1.0,22.64,0.48,0.02,0.5,0.0,0,0
"[[0, 0], [1, 1]]","[[(1, 0), (1, 0)], [(0, 1), (0, 1)]]",50,2000,1.0,0.01,0.01,0.0,5,1,1.0,2000,100,0.0,1.0,0.0,1.0,24.885,0.0,0.0,0.94,0.06,0,0
"[[0, 0], [1, 1]]","[[(1, 0), (1, 0)], [(0, 1), (0, 1)]]",50,2000,1.0,0.01,0.01,0.0,5,1,1.0,2000,100,0.0,1.0,0.0,1.0,27.71,0.02,0.02,0.06,0.9,0,0
"[[0, 0], [1, 1]]","[[(1, 0), (1, 0)], [(0, 1), (0, 1)]]",50,2000,1.0,0.01,0.01,0.0,5,1,1.0,2000,100,0.0,1.0,0.0,1.0,21.297,0.04,0.04,0.14,0.78,0,0
"[[0, 0], [1, 1]]","[[(1, 0), (1, 0)], [(0, 1), (0, 1)]]",50,2000,1.0,0.01,0.01,0.0,5,1,1.0,2000,100,0.0,1.0,0.0,0.25,6.177,0.02,0.04,0.0,0.94,0,0
"[[0, 0], [1, 1]]","[[(1, 0), (1, 0)], [(0, 1), (0, 1)]]",50,2000,1.0,0.01,0.01,0.0,5,1,1.0,2000,100,0.0,1.0,0.0,0.25,5.426,0.0,0.02,0.0,0.98,0,0
"[[0, 0], [1, 1]]","[[(1, 0), (1, 0)], [(0, 1), (0, 1)]]",50,2000,1.0,0.01,0.01,0.0,5,1,1.0,2000,100,0.0,1.0,0.0,0.25,6.211,0.04,0.08,0.06,0.82,0,0
"[[0, 0], [1, 1]]","[[(1, 0), (1, 0)], [(0, 1), (0, 1)]]",50,2000,1.0,0.01,0.01,0.0,5,1,1.0,2000,100,0.0,1.0,0.0,0.25,5.964,0.0,0.04,0.0,0.96,0,0
"[[0, 0], [1, 1]]","[[(1, 0), (1, 0)], [(0, 1), (0, 1)]]",50,2000,1.0,0.01,0.01,0.0,5,1,1.0,2000,100,0.0,1.0,0.0,0.25,5.607,0.04,0.0,0.0,0.96,0,0
"[[0, 0], [1, 1]]","[[(1, 0), (1, 0)], [(0, 1), (0, 1)]]",50,2000,1.0,0.01,0.01,0.0,5,1,1.0,2000,100,0.0,1.0,0.0,0.25,7.014,0.06,0.0,0.02,0.92,0,0
"[[0, 0], [1, 1]]","[[(1, 0), (1, 0)], [(0, 1), (0, 1)]]",50,2000,1.0,0.01,0.01,0.0,5,1,1.0,2000,100,0.0,1.0,0.0,0.25,6.38,0.0,0.04,0.0,0.96,0,0
"[[0, 0], [1, 1]]","[[(1, 0), (1, 0)], [(0, 1), (0, 1)]]",50,2000,1.0,0.01,0.01,0.0,5,1,1.0,2000,100,0.0,1.0,0.0,0.25,7.003,0.02,0.28,0.0,0.7,0,0
"[[0, 0], [1, 1]]","[[(1, 0), (1, 0)], [(0, 1), (0, 1)]]",50,2000,1.0,0.01,0.01,0.0,5,1,1.0,2000,100,0.0,1.0,0.0,0.25,5.914,0.1,0.0,0.04,0.86,0,0
"[[0, 0], [1, 1]]","[[(1, 0), (1, 0)], [(0, 1), (0, 1)]]",50,2000,1.0,0.01,0.01,0.0,5,1,1.0,2000,100,0.0,1.0,0.0,0.25,6.358,0.02,0.02,0.0,0.96,0,0
"[[0, 0], [1, 1]]","[[(1, 0), (1, 0)], [(0, 1), (0, 1)]]",50,2000,1.0,0.01,0.01,0.0,5,1,1.0,2000,100,0.0,1.0,0.0,0.25,0.0,0.26,0.18,0.22,0.34,0,0
"[[0, 0], [1, 1]]","[[(1, 0), (1, 0)], [(0, 1), (0, 1)]]",50,2000,1.0,0.01,0.01,0.0,5,1,1.0,2000,100,0.0,1.0,0.0,0.25,0.0,0.4,0.26,0.18,0.16,0,0
"[[0, 0], [1, 1]]","[[(1, 0), (1, 0)], [(0, 1), (0, 1)]]",50,2000,1.0,0.01,0.01,0.0,5,1,1.0,2000,100,0.0,1.0,0.0,0.25,0.0,0.34,0.28,0.12,0.26,0,0
"[[0, 0], [1, 1]]","[[(1, 0), (1, 0)], [(0, 1), (0, 1)]]",50,2000,1.0,0.01,0.01,0.0,5,1,1.0,2000,100,0.0,1.0,0.0,0.25,0.0,0.18,0.32,0.16,0.34,0,0
"[[0, 0], [1, 1]]","[[(1, 0), (1, 0)], [(0, 1), (0, 1)]]",50,2000,1.0,0.01,0.01,0.0,5,1,1.0,2000,100,0.0,1.0,0.0,0.25,0.0,0.2,0.36,0.12,0.32,0,0
,"[[0, 0], [1, 1]]","[[(1, 0), (1, 0)], [(0, 1), (0, 1)]]",50,2000,1.0,0.01,0.01,0.0,5,1,1.0,2000,100,0.0,1.0,0.0,0.25,0.0,0.08,0.2,0.32,0.4,0,0
"[[0, 0], [1, 1]]","[[(1, 0), (1, 0)], [(0, 1), (0, 1)]]",50,2000,1.0,0.01,0.01,0.0,5,1,1.0,2000,100,0.0,1.0,0.0,0.25,0.0,0.16,0.34,0.3,0.2,0,0
"[[0, 0], [1, 1]]","[[(1, 0), (1, 0)], [(0, 1), (0, 1)]]",50,2000,1.0,0.01,0.01,0.0,5,1,1.0,2000,100,0.0,1.0,0.0,0.25,0.0,0.2,0.24,0.24,0.32,0,0
"[[0, 0], [1, 1]]","[[(1, 0), (1, 0)], [(0, 1), (0, 1)]]",50,2000,1.0,0.01,0.01,0.0,5,1,1.0,2000,100,0.0,1.0,0.0,0.25,0.0,0.26,0.24,0.22,0.28,0,0
"[[0, 0], [1, 1]]","[[(1, 0), (1, 0)], [(0, 1), (0, 1)]]",50,2000,1.0,0.01,0.01,0.0,5,1,1.0,2000,100,0.0,1.0,0.0,0.25,0.0,0.22,0.28,0.18,0.32,0,0
"[[1, 0], [0, 1]]","[[(0, 1), (0, 0)], [(0, 0), (0, 1)]]",50,2000,1.0,0.01,0.01,0.0,5,1,1.0,2000,100,0.0,1.0,0.0,0.25,0.0,0.2,0.4,0.26,0.14,0,0
"[[1, 0], [0, 1]]","[[(0, 1), (0, 0)], [(0, 0), (0, 1)]]",50,2000,1.0,0.01,0.01,0.0,5,1,1.0,2000,100,0.0,1.0,0.0,0.25,0.0,0.18,0.14,0.3,0.38,0,0
"[[1, 0], [0, 1]]","[[(0, 1), (0, 0)], [(0, 0), (0, 1)]]",50,2000,1.0,0.01,0.01,0.0,5,1,1.0,2000,100,0.0,1.0,0.0,0.25,0.0,0.28,0.22,0.24,0.26,0,0
"[[1, 0], [0, 1]]","[[(0, 1), (0, 0)], [(0, 0), (0, 1)]]",50,2000,1.0,0.01,0.01,0.0,5,1,1.0,2000,100,0.0,1.0,0.0,0.25,0.0,0.4,0.14,0.16,0.3,0,0
"[[1, 0], [0, 1]]","[[(0, 1), (0, 0)], [(0, 0), (0, 1)]]",50,2000,1.0,0.01,0.01,0.0,5,1,1.0,2000,100,0.0,1.0,0.0,0.25,0.0,0.32,0.12,0.34,0.22,0,0
"[[1, 0], [0, 1]]","[[(0, 1), (0, 0)], [(0, 0), (0, 1)]]",50,2000,1.0,0.01,0.01,0.0,5,1,1.0,2000,100,0.0,1.0,0.0,0.5,0.0,0.34,0.26,0.2,0.2,0,0
"[[1, 0], [0, 1]]","[[(0, 1), (0, 0)], [(0, 0), (0, 1)]]",50,2000,1.0,0.01,0.01,0.0,5,1,1.0,2000,100,0.0,1.0,0.0,0.5,0.0,0.24,0.4,0.2,0.16,0,0
"[[1, 0], [0, 1]]","[[(0, 1), (0, 0)], [(0, 0), (0, 1)]]",50,2000,1.0,0.01,0.01,0.0,5,1,1.0,2000,100,0.0,1.0,0.0,0.5,0.0,0.22,0.24,0.32,0.22,0,0
"[[1, 0], [0, 1]]","[[(0, 1), (0, 0)], [(0, 0), (0, 1)]]",50,2000,1.0,0.01,0.01,0.0,5,1,1.0,2000,100,0.0,1.0,0.0,0.5,0.0,0.22,0.3,0.3,0.18,0,0
"[[1, 0], [0, 1]]","[[(0, 1), (0, 0)], [(0, 0), (0, 1)]]",50,2000,1.0,0.01,0.01,0.0,5,1,1.0,2000,100,0.0,1.0,0.0,0.5,0.0,0.28,0.36,0.12,0.24,0,0
"[[1, 0], [0, 1]]","[[(0, 1), (0, 0)], [(0, 0), (0, 1)]]",50,2000,1.0,0.01,0.01,0.0,5,1,1.0,2000,100,0.0,1.0,0.0,0.75,0.0,0.28,0.34,0.26,0.12,0,0
"[[1, 0], [0, 1]]","[[(0, 1), (0, 0)], [(0, 0), (0, 1)]]",50,2000,1.0,0.01,0.01,0.0,5,1,1.0,2000,100,0.0,1.0,0.0,0.75,0.0,0.2,0.2,0.28,0.32,0,0
"[[1, 0], [0, 1]]","[[(0, 1), (0, 0)], [(0, 0), (0, 1)]]",50,2000,1.0,0.01,0.01,0.0,5,1,1.0,2000,100,0.0,1.0,0.0,0.75,0.0,0.32,0.24,0.24,0.2,0,0
"[[1, 0], [0, 1]]","[[(0, 1), (0, 0)], [(0, 0), (0, 1)]]",50,2000,1.0,0.01,0.01,0.0,5,1,1.0,2000,100,0.0,1.0,0.0,0.75,0.0,0.34,0.2,0.18,0.28,0,0
"[[1, 0], [0, 1]]","[[(0, 1), (0, 0)], [(0, 0), (0, 1)]]",50,2000,1.0,0.01,0.01,0.0,5,1,1.0,2000,100,0.0,1.0,0.0,0.75,0.0,0.24,0.3,0.22,0.24,0,0
"[[1, 0], [0, 1]]","[[(0, 1), (0, 0)], [(0, 0), (0, 1)]]",50,2000,1.0,0.01,0.01,0.0,5,1,1.0,2000,100,0.0,1.0,0.0,1.0,0.0,0.36,0.2,0.22,0.22,0,0
"[[1, 0], [0, 1]]","[[(0, 1), (0, 0)], [(0, 0), (0, 1)]]",50,2000,1.0,0.01,0.01,0.0,5,1,1.0,2000,100,0.0,1.0,0.0,1.0,0.0,0.28,0.26,0.18,0.28,0,0
"[[1, 0], [0, 1]]","[[(0, 1), (0, 0)], [(0, 0), (0, 1)]]",50,2000,1.0,0.01,0.01,0.0,5,1,1.0,2000,100,0.0,1.0,0.0,1.0,0.0,0.12,0.26,0.2,0.42,0,0
"[[1, 0], [0, 1]]","[[(0, 1), (0, 0)], [(0, 0), (0, 1)]]",50,2000,1.0,0.01,0.01,0.0,5,1,1.0,2000,100,0.0,1.0,0.0,1.0,0.0,0.3,0.2,0.2,0.3,0,0
"[[1, 0], [0, 1]]","[[(0, 1), (0, 0)], [(0, 0), (0, 1)]]",50,2000,1.0,0.01,0.01,0.0,5,1,1.0,2000,100,0.0,1.0,0.0,1.0,0.0,0.14,0.16,0.28,0.42,0,0
"[[1, 0], [0, 1]]","[[(0, 1), (0, 0)], [(0, 0), (0, 1)]]",50,2000,1.0,0.01,0.01,0.0,5,1,1.0,2000,100,0.0,1.0,0.0,0.0,0.0,0.2,0.28,0.34,0.18,0,0
"[[1, 0], [0, 1]]","[[(0, 1), (0, 0)], [(0, 0), (0, 1)]]",50,2000,1.0,0.01,0.01,0.0,5,1,1.0,2000,100,0.0,1.0,0.0,0.0,0.0,0.2,0.3,0.36,0.14,0,0
"[[1, 0], [0, 1]]","[[(0, 1), (0, 0)], [(0, 0), (0, 1)]]",50,2000,1.0,0.01,0.01,0.0,5,1,1.0,2000,100,0.0,1.0,0.0,0.0,0.0,0.38,0.22,0.22,0.18,0,0
"[[1, 0], [0, 1]]","[[(0, 1), (0, 0)], [(0, 0), (0, 1)]]",50,2000,1.0,0.01,0.01,0.0,5,1,1.0,2000,100,0.0,1.0,0.0,0.0,0.0,0.24,0.32,0.26,0.18,0,0
"[[1, 0], [0, 1]]","[[(0, 1), (0, 0)], [(0, 0), (0, 1)]]",50,2000,1.0,0.01,0.01,0.0,5,1,1.0,2000,100,0.0,1.0,0.0,0.0,0.0,0.32,0.2,0.32,0.16,0,0
"[[1, 0], [0, 1]]","[[(0, 1), (0, 0)], [(0, 0), (0, 1)]]",50,2000,1.0,0.01,0.01,0.0,5,1,1.0,2000,100,0.0,1.0,0.0,0.25,0.0,0.26,0.22,0.3,0.22,0,0
"[[1, 0], [0, 1]]","[[(0, 1), (0, 0)], [(0, 0), (0, 1)]]",50,2000,1.0,0.01,0.01,0.0,5,1,1.0,2000,100,0.0,1.0,0.0,0.25,0.0,0.34,0.14,0.26,0.26,0,0
"[[1, 0], [0, 1]]","[[(0, 1), (0, 0)], [(0, 0), (0, 1)]]",50,2000,1.0,0.01,0.01,0.0,5,1,1.0,2000,100,0.0,1.0,0.0,0.25,0.0,0.3,0.24,0.32,0.14,0,0
"[[1, 0], [0, 1]]","[[(0, 1), (0, 0)], [(0, 0), (0, 1)]]",50,2000,1.0,0.01,0.01,0.0,5,1,1.0,2000,100,0.0,1.0,0.0,0.25,0.0,0.16,0.26,0.26,0.32,0,0
"[[1, 0], [0, 1]]","[[(0, 1), (0, 0)], [(0, 0), (0, 1)]]",50,2000,1.0,0.01,0.01,0.0,5,1,1.0,2000,100,0.0,1.0,0.0,0.25,0.0,0.28,0.24,0.26,0.22,0,0
"[[1, 0], [0, 1]]","[[(0, 1), (0, 0)], [(0, 0), (0, 1)]]",50,2000,1.0,0.01,0.01,0.0,5,1,1.0,2000,100,0.0,1.0,0.0,0.5,0.0,0.2,0.16,0.26,0.38,0,0
"[[1, 0], [0, 1]]","[[(0, 1), (0, 0)], [(0, 0), (0, 1)]]",50,2000,1.0,0.01,0.01,0.0,5,1,1.0,2000,100,0.0,1.0,0.0,0.5,0.0,0.34,0.12,0.22,0.32,0,0
"[[1, 0], [0, 1]]","[[(0, 1), (0, 0)], [(0, 0), (0, 1)]]",50,2000,1.0,0.01,0.01,0.0,5,1,1.0,2000,100,0.0,1.0,0.0,0.5,0.0,0.34,0.22,0.16,0.28,0,0
"[[1, 0], [0, 1]]","[[(0, 1), (0, 0)], [(0, 0), (0, 1)]]",50,2000,1.0,0.01,0.01,0.0,5,1,1.0,2000,100,0.0,1.0,0.0,0.5,0.0,0.28,0.32,0.24,0.16,0,0
"[[1, 0], [0, 1]]","[[(0, 1), (0, 0)], [(0, 0), (0, 1)]]",50,2000,1.0,0.01,0.01,0.0,5,1,1.0,2000,100,0.0,1.0,0.0,0.5,0.0,0.2,0.32,0.22,0.26,0,0
"[[1, 0], [0, 1]]","[[(0, 1), (0, 0)], [(0, 0), (0, 1)]]",50,2000,1.0,0.01,0.01,0.0,5,1,1.0,2000,100,0.0,1.0,0.0,0.75,0.0,0.26,0.2,0.22,0.32,0,0
"[[1, 0], [0, 1]]","[[(0, 1), (0, 0)], [(0, 0), (0, 1)]]",50,2000,1.0,0.01,0.01,0.0,5,1,1.0,2000,100,0.0,1.0,0.0,0.75,0.0,0.22,0.34,0.28,0.16,0,0
"[[1, 0], [0, 1]]","[[(0, 1), (0, 0)], [(0, 0), (0, 1)]]",50,2000,1.0,0.01,0.01,0.0,5,1,1.0,2000,100,0.0,1.0,0.0,0.75,0.0,0.24,0.32,0.2,0.24,0,0
"[[1, 0], [0, 1]]","[[(0, 1), (0, 0)], [(0, 0), (0, 1)]]",50,2000,1.0,0.01,0.01,0.0,5,1,1.0,2000,100,0.0,1.0,0.0,0.75,0.0,0.24,0.28,0.3,0.18,0,0
"[[1, 0], [0, 1]]","[[(0, 1), (0, 0)], [(0, 0), (0, 1)]]",50,2000,1.0,0.01,0.01,0.0,5,1,1.0,2000,100,0.0,1.0,0.0,0.75,0.0,0.24,0.44,0.16,0.16,0,0
"[[1, 0], [0, 1]]","[[(0, 1), (0, 0)], [(0, 0), (0, 1)]]",50,2000,1.0,0.01,0.01,0.0,5,1,1.0,2000,100,0.0,1.0,0.0,1.0,0.0,0.28,0.12,0.26,0.34,0,0
"[[1, 0], [0, 1]]","[[(0, 1), (0, 0)], [(0, 0), (0, 1)]]",50,2000,1.0,0.01,0.01,0.0,5,1,1.0,2000,100,0.0,1.0,0.0,1.0,0.0,0.16,0.34,0.3,0.2,0,0
"[[1, 0], [0, 1]]","[[(0, 1), (0, 0)], [(0, 0), (0, 1)]]",50,2000,1.0,0.01,0.01,0.0,5,1,1.0,2000,100,0.0,1.0,0.0,1.0,0.0,0.16,0.26,0.26,0.32,0,0
"[[1, 0], [0, 1]]","[[(0, 1), (0, 0)], [(0, 0), (0, 1)]]",50,2000,1.0,0.01,0.01,0.0,5,1,1.0,2000,100,0.0,1.0,0.0,1.0,0.0,0.22,0.18,0.3,0.3,0,0
"[[1, 0], [0, 1]]","[[(0, 1), (0, 0)], [(0, 0), (0, 1)]]",50,2000,1.0,0.01,0.01,0.0,5,1,1.0,2000,100,0.0,1.0,0.0,1.0,0.0,0.32,0.1,0.32,0.26,0,0
"[[1, 0], [0, 1]]","[[(0, 1), (0, 0)], [(0, 0), (0, 1)]]",50,2000,1.0,0.01,0.01,0.0,5,1,1.0,2000,0,0.0,1.0,0.0,0.0,0.0,0.26,0.26,0.24,0.24,0,0
"[[1, 0], [0, 1]]","[[(0, 1), (0, 0)], [(0, 0), (0, 1)]]",50,2000,1.0,0.01,0.01,0.0,5,1,1.0,2000,0,0.0,1.0,0.0,0.0,0.0,0.22,0.22,0.36,0.2,0,0
"[[1, 0], [0, 1]]","[[(0, 1), (0, 0)], [(0, 0), (0, 1)]]",50,2000,1.0,0.01,0.01,0.0,5,1,1.0,2000,0,0.0,1.0,0.0,0.0,0.0,0.28,0.36,0.1,0.26,0,0
"[[1, 0], [0, 1]]","[[(0, 1), (0, 0)], [(0, 0), (0, 1)]]",50,2000,1.0,0.01,0.01,0.0,5,1,1.0,2000,0,0.0,1.0,0.0,0.0,0.0,0.2,0.18,0.32,0.3,0,0
"[[1, 0], [0, 1]]","[[(0, 1), (0, 0)], [(0, 0), (0, 1)]]",50,2000,1.0,0.01,0.01,0.0,5,1,1.0,2000,0,0.0,1.0,0.0,0.0,0.0,0.36,0.22,0.16,0.26,0,0
"[[1, 0], [0, 1]]","[[(0, 1), (0, 0)], [(0, 0), (0, 1)]]",50,2000,1.0,0.01,0.01,0.0,5,1,1.0,2000,0,0.0,1.0,0.0,0.25,0.0,0.28,0.18,0.32,0.22,0,0
"[[1, 0], [0, 1]]","[[(0, 1), (0, 0)], [(0, 0), (0, 1)]]",50,2000,1.0,0.01,0.01,0.0,5,1,1.0,2000,0,0.0,1.0,0.0,0.25,0.0,0.26,0.26,0.18,0.3,0,0
"[[1, 0], [0, 1]]","[[(0, 1), (0, 0)], [(0, 0), (0, 1)]]",50,2000,1.0,0.01,0.01,0.0,5,1,1.0,2000,0,0.0,1.0,0.0,0.25,0.0,0.26,0.28,0.2,0.26,0,0
"[[1, 0], [0, 1]]","[[(0, 1), (0, 0)], [(0, 0), (0, 1)]]",50,2000,1.0,0.01,0.01,0.0,5,1,1.0,2000,0,0.0,1.0,0.0,0.25,0.0,0.18,0.3,0.22,0.3,0,0
"[[1, 0], [0, 1]]","[[(0, 1), (0, 0)], [(0, 0), (0, 1)]]",50,2000,1.0,0.01,0.01,0.0,5,1,1.0,2000,0,0.0,1.0,0.0,0.25,0.0,0.24,0.16,0.42,0.18,0,0
"[[1, 0], [0, 1]]","[[(0, 1), (0, 0)], [(0, 0), (0, 1)]]",50,2000,1.0,0.01,0.01,0.0,5,1,1.0,2000,0,0.0,1.0,0.0,0.5,0.0,0.24,0.2,0.24,0.32,0,0
"[[1, 0], [0, 1]]","[[(0, 1), (0, 0)], [(0, 0), (0, 1)]]",50,2000,1.0,0.01,0.01,0.0,5,1,1.0,2000,0,0.0,1.0,0.0,0.5,0.0,0.22,0.22,0.2,0.36,0,0
"[[1, 0], [0, 1]]","[[(0, 1), (0, 0)], [(0, 0), (0, 1)]]",50,2000,1.0,0.01,0.01,0.0,5,1,1.0,2000,0,0.0,1.0,0.0,0.5,0.0,0.18,0.34,0.18,0.3,0,0
"[[1, 0], [0, 1]]","[[(0, 1), (0, 0)], [(0, 0), (0, 1)]]",50,2000,1.0,0.01,0.01,0.0,5,1,1.0,2000,0,0.0,1.0,0.0,0.5,0.0,0.32,0.2,0.28,0.2,0,0
"[[1, 0], [0, 1]]","[[(0, 1), (0, 0)], [(0, 0), (0, 1)]]",50,2000,1.0,0.01,0.01,0.0,5,1,1.0,2000,0,0.0,1.0,0.0,0.5,0.0,0.24,0.2,0.34,0.22,0,0
"[[1, 0], [0, 1]]","[[(0, 1), (0, 0)], [(0, 0), (0, 1)]]",50,2000,1.0,0.01,0.01,0.0,5,1,1.0,2000,0,0.0,1.0,0.0,0.75,0.0,0.16,0.2,0.3,0.34,0,0
"[[1, 0], [0, 1]]","[[(0, 1), (0, 0)], [(0, 0), (0, 1)]]",50,2000,1.0,0.01,0.01,0.0,5,1,1.0,2000,0,0.0,1.0,0.0,0.75,0.0,0.16,0.16,0.32,0.36,0,0
"[[1, 0], [0, 1]]","[[(0, 1), (0, 0)], [(0, 0), (0, 1)]]",50,2000,1.0,0.01,0.01,0.0,5,1,1.0,2000,0,0.0,1.0,0.0,0.75,0.0,0.2,0.26,0.28,0.26,0,0
"[[1, 0], [0, 1]]","[[(0, 1), (0, 0)], [(0, 0), (0, 1)]]",50,2000,1.0,0.01,0.01,0.0,5,1,1.0,2000,0,0.0,1.0,0.0,0.75,0.0,0.3,0.28,0.14,0.28,0,0
"[[1, 0], [0, 1]]","[[(0, 1), (0, 0)], [(0, 0), (0, 1)]]",50,2000,1.0,0.01,0.01,0.0,5,1,1.0,2000,0,0.0,1.0,0.0,0.75,0.0,0.36,0.12,0.28,0.24,0,0
"[[1, 0], [0, 1]]","[[(0, 1), (0, 0)], [(0, 0), (0, 1)]]",50,2000,1.0,0.01,0.01,0.0,5,1,1.0,2000,0,0.0,1.0,0.0,1.0,0.0,0.24,0.2,0.28,0.28,0,0
"[[1, 0], [0, 1]]","[[(0, 1), (0, 0)], [(0, 0), (0, 1)]]",50,2000,1.0,0.01,0.01,0.0,5,1,1.0,2000,0,0.0,1.0,0.0,1.0,0.0,0.28,0.3,0.22,0.2,0,0
"[[1, 0], [0, 1]]","[[(0, 1), (0, 0)], [(0, 0), (0, 1)]]",50,2000,1.0,0.01,0.01,0.0,5,1,1.0,2000,0,0.0,1.0,0.0,1.0,0.0,0.28,0.38,0.16,0.18,0,0
"[[1, 0], [0, 1]]","[[(0, 1), (0, 0)], [(0, 0), (0, 1)]]",50,2000,1.0,0.01,0.01,0.0,5,1,1.0,2000,0,0.0,1.0,0.0,1.0,0.0,0.14,0.26,0.24,0.36,0,0
"[[1, 0], [0, 1]]","[[(0, 1), (0, 0)], [(0, 0), (0, 1)]]",50,2000,1.0,0.01,0.01,0.0,5,1,1.0,2000,0,0.0,1.0,0.0,1.0,0.0,0.22,0.32,0.16,0.3,0,0
"[[1, 0], [0, 1]]","[[(0, 1), (0, 0)], [(0, 0), (0, 1)]]",50,2000,1.0,0.01,0.01,0.0,5,1,1.0,2000,0,0.0,1.0,0.0,0.0,0.0,0.2,0.34,0.18,0.28,0,0
"[[1, 0], [0, 1]]","[[(0, 1), (0, 0)], [(0, 0), (0, 1)]]",50,2000,1.0,0.01,0.01,0.0,5,1,1.0,2000,0,0.0,1.0,0.0,0.0,0.0,0.22,0.28,0.26,0.24,0,0
"[[1, 0], [0, 1]]","[[(0, 1), (0, 0)], [(0, 0), (0, 1)]]",50,2000,1.0,0.01,0.01,0.0,5,1,1.0,2000,0,0.0,1.0,0.0,0.0,0.0,0.28,0.4,0.1,0.22,0,0
"[[1, 0], [0, 1]]","[[(0, 1), (0, 0)], [(0, 0), (0, 1)]]",50,2000,1.0,0.01,0.01,0.0,5,1,1.0,2000,0,0.0,1.0,0.0,0.0,0.0,0.18,0.24,0.22,0.36,0,0
"[[1, 0], [0, 1]]","[[(0, 1), (0, 0)], [(0, 0), (0, 1)]]",50,2000,1.0,0.01,0.01,0.0,5,1,1.0,2000,0,0.0,1.0,0.0,0.0,0.0,0.12,0.32,0.3,0.26,0,0
"[[1, 0], [0, 1]]","[[(0, 1), (0, 0)], [(0, 0), (0, 1)]]",50,2000,1.0,0.01,0.01,0.0,5,1,1.0,2000,0,0.0,1.0,0.0,0.0,0.0,0.28,0.32,0.18,0.22,0,0
"[[1, 0], [0, 1]]","[[(0, 1), (0, 0)], [(0, 0), (0, 1)]]",50,2000,1.0,0.01,0.01,0.0,5,1,1.0,2000,0,0.0,1.0,0.0,0.0,0.0,0.26,0.34,0.2,0.2,0,0
"[[1, 0], [0, 1]]","[[(0, 1), (0, 0)], [(0, 0), (0, 1)]]",50,2000,1.0,0.01,0.01,0.0,5,1,1.0,2000,0,0.0,1.0,0.0,0.0,0.0,0.3,0.24,0.2,0.26,0,0
"[[1, 0], [0, 1]]","[[(0, 1), (0, 0)], [(0, 0), (0, 1)]]",50,2000,1.0,0.01,0.01,0.0,5,1,1.0,2000,0,0.0,1.0,0.0,0.0,0.0,0.34,0.26,0.26,0.14,0,0
"[[1, 0], [0, 1]]","[[(0, 1), (0, 0)], [(0, 0), (0, 1)]]",50,2000,1.0,0.01,0.01,0.0,5,1,1.0,2000,0,0.0,1.0,0.0,0.0,0.0,0.36,0.2,0.12,0.32,0,0
"[[1, 0], [0, 1]]","[[(0, 1), (0, 0)], [(0, 0), (0, 1)]]",40,1000,1.0,0.01,0.01,0.0,5,1,1.0,1000,0,0.0,1.0,0.0,0.0,95.604,0.125,0.85,0.025,0.0,0,0
"[[1, 0], [0, 1]]","[[(0, 1), (0, 0)], [(0, 0), (0, 1)]]",40,1000,1.0,0.01,0.01,0.0,5,1,1.0,1000,0,0.0,1.0,0.0,0.0,93.703,0.15,0.85,0.0,0.0,0,0
"[[1, 0], [0, 1]]","[[(0, 1), (0, 0)], [(0, 0), (0, 1)]]",40,1000,1.0,0.01,0.01,0.0,5,1,1.0,1000,0,0.0,1.0,0.0,0.0,86.52,0.0,0.0,0.7,0.3,0,0
"[[1, 0], [0, 1]]","[[(0, 1), (0, 0)], [(0, 0), (0, 1)]]",40,1000,1.0,0.01,0.01,0.0,5,1,1.0,1000,0,0.0,1.0,0.0,0.0,93.313,0.05,0.0,0.95,0.0,0,0
"[[1, 0], [0, 1]]","[[(0, 1), (0, 0)], [(0, 0), (0, 1)]]",40,1000,1.0,0.01,0.01,0.0,5,1,1.0,1000,0,0.0,1.0,0.0,0.0,95.285,0.0,0.0,1.0,0.0,0,0
"[[1, 0], [0, 1]]","[[(0, 1), (0, 0)], [(0, 0), (0, 1)]]",40,1000,1.0,0.01,0.01,0.0,5,1,1.0,1000,0,0.0,1.0,0.0,0.0,98.257,1.0,0.0,0.0,0.0,0,0
"[[1, 0], [0, 1]]","[[(0, 1), (0, 0)], [(0, 0), (0, 1)]]",40,1000,1.0,0.01,0.01,0.0,5,1,1.0,1000,0,0.0,1.0,0.0,0.0,99.948,0.0,1.0,0.0,0.0,0,0
"[[1, 0], [0, 1]]","[[(0, 1), (0, 0)], [(0, 0), (0, 1)]]",40,1000,1.0,0.01,0.01,0.0,5,1,1.0,1000,0,0.0,1.0,0.0,0.0,99.203,0.0,1.0,0.0,0.0,0,0
"[[1, 0], [0, 1]]","[[(0, 1), (0, 0)], [(0, 0), (0, 1)]]",40,1000,1.0,0.01,0.01,0.0,5,1,1.0,1000,0,0.0,1.0,0.0,0.0,99.761,0.0,0.0,1.0,0.0,0,0
"[[1, 0], [0, 1]]","[[(0, 1), (0, 0)], [(0, 0), (0, 1)]]",40,1000,1.0,0.01,0.01,0.0,5,1,1.0,1000,0,0.0,1.0,0.0,0.0,99.932,0.025,0.975,0.0,0.0,0,0
"[[1, 0], [0, 1]]","[[(0, 1), (0, 0)], [(0, 0), (0, 1)]]",40,1000,1.0,0.01,0.01,0.0,5,1,1.0,1000,0,0.0,1.0,0.0,0.0,58.707,0.175,0.0,0.825,0.0,0,0
"[[1, 0], [0, 1]]","[[(0, 1), (0, 0)], [(0, 0), (0, 1)]]",40,1000,1.0,0.01,0.01,0.0,5,1,1.0,1000,0,0.0,1.0,0.0,0.0,92.935,0.15,0.0,0.825,0.025,0,0
"[[1, 0], [0, 1]]","[[(0, 1), (0, 0)], [(0, 0), (0, 1)]]",50,2000,1.0,0.01,0.01,0.0,5,1,1.0,2000,0,0.0,1.0,0.0,0.0,93.31,0.0,1.0,0.0,0.0,0,0
"[[1, 0], [0, 1]]","[[(0, 1), (0, 0)], [(0, 0), (0, 1)]]",50,2000,1.0,0.01,0.01,0.0,5,1,1.0,2000,0,0.0,1.0,0.0,0.0,93.471,0.02,0.98,0.0,0.0,0,0
"[[1, 0], [0, 1]]","[[(0, 1), (0, 0)], [(0, 0), (0, 1)]]",50,2000,1.0,0.01,0.01,0.0,5,1,1.0,2000,0,0.0,1.0,0.0,0.0,79.964,0.02,0.0,0.96,0.02,0,0
"[[1, 0], [0, 1]]","[[(0, 1), (0, 0)], [(0, 0), (0, 1)]]",50,2000,1.0,0.01,0.01,0.0,5,1,1.0,2000,0,0.0,1.0,0.0,0.0,93.493,0.04,0.96,0.0,0.0,0,0
"[[1, 0], [0, 1]]","[[(0, 1), (0, 0)], [(0, 0), (0, 1)]]",50,2000,1.0,0.01,0.01,0.0,5,1,1.0,2000,0,0.0,1.0,0.0,0.0,93.154,0.18,0.0,0.82,0.0,0,0
"[[1, 0], [0, 1]]","[[(0, 1), (0, 0)], [(0, 0), (0, 1)]]",50,2000,1.0,0.01,0.01,0.0,5,1,1.0,2000,0,0.0,1.0,0.0,0.25,92.112,0.38,0.0,0.62,0.0,0,0
"[[1, 0], [0, 1]]","[[(0, 1), (0, 0)], [(0, 0), (0, 1)]]",50,2000,1.0,0.01,0.01,0.0,5,1,1.0,2000,0,0.0,1.0,0.0,0.25,88.242,0.0,1.0,0.0,0.0,0,0
"[[1, 0], [0, 1]]","[[(0, 1), (0, 0)], [(0, 0), (0, 1)]]",50,2000,1.0,0.01,0.01,0.0,5,1,1.0,2000,0,0.0,1.0,0.0,0.25,93.463,0.0,0.04,0.92,0.04,0,0
"[[1, 0], [0, 1]]","[[(0, 1), (0, 0)], [(0, 0), (0, 1)]]",50,2000,1.0,0.01,0.01,0.0,5,1,1.0,2000,0,0.0,1.0,0.0,0.25,87.916,0.04,0.0,0.96,0.0,0,0
"[[1, 0], [0, 1]]","[[(0, 1), (0, 0)], [(0, 0), (0, 1)]]",50,2000,1.0,0.01,0.01,0.0,5,1,1.0,2000,0,0.0,1.0,0.0,0.25,92.412,0.06,0.0,0.92,0.02,0,0
"[[1, 0], [0, 1]]","[[(0, 1), (0, 0)], [(0, 0), (0, 1)]]",50,2000,1.0,0.01,0.01,0.0,5,1,1.0,2000,0,0.0,1.0,0.0,0.5,92.764,0.0,0.98,0.0,0.02,0,0
"[[1, 0], [0, 1]]","[[(0, 1), (0, 0)], [(0, 0), (0, 1)]]",50,2000,1.0,0.01,0.01,0.0,5,1,1.0,2000,0,0.0,1.0,0.0,0.5,89.801,0.0,1.0,0.0,0.0,0,0
"[[1, 0], [0, 1]]","[[(0, 1), (0, 0)], [(0, 0), (0, 1)]]",50,2000,1.0,0.01,0.01,0.0,5,1,1.0,2000,0,0.0,1.0,0.0,0.5,92.946,0.0,0.98,0.0,0.02,0,0
"[[1, 0], [0, 1]]","[[(0, 1), (0, 0)], [(0, 0), (0, 1)]]",50,2000,1.0,0.01,0.01,0.0,5,1,1.0,2000,0,0.0,1.0,0.0,0.5,90.567,0.0,1.0,0.0,0.0,0,0
"[[1, 0], [0, 1]]","[[(0, 1), (0, 0)], [(0, 0), (0, 1)]]",50,2000,1.0,0.01,0.01,0.0,5,1,1.0,2000,0,0.0,1.0,0.0,0.5,92.885,0.02,0.98,0.0,0.0,0,0
"[[1, 0], [0, 1]]","[[(0, 1), (0, 0)], [(0, 0), (0, 1)]]",50,2000,1.0,0.01,0.01,0.0,5,1,1.0,2000,0,0.0,1.0,0.0,0.75,92.199,0.0,1.0,0.0,0.0,0,0
"[[1, 0], [0, 1]]","[[(0, 1), (0, 0)], [(0, 0), (0, 1)]]",50,2000,1.0,0.01,0.01,0.0,5,1,1.0,2000,0,0.0,1.0,0.0,0.75,90.707,0.04,0.96,0.0,0.0,0,0
"[[1, 0], [0, 1]]","[[(0, 1), (0, 0)], [(0, 0), (0, 1)]]",50,2000,1.0,0.01,0.01,0.0,5,1,1.0,2000,0,0.0,1.0,0.0,0.75,92.852,0.28,0.7,0.0,0.02,0,0
"[[1, 0], [0, 1]]","[[(0, 1), (0, 0)], [(0, 0), (0, 1)]]",50,2000,1.0,0.01,0.01,0.0,5,1,1.0,2000,0,0.0,1.0,0.0,0.75,92.488,0.0,1.0,0.0,0.0,0,0
"[[1, 0], [0, 1]]","[[(0, 1), (0, 0)], [(0, 0), (0, 1)]]",50,2000,1.0,0.01,0.01,0.0,5,1,1.0,2000,0,0.0,1.0,0.0,0.75,93.092,0.02,0.98,0.0,0.0,0,0
"[[1, 0], [0, 1]]","[[(0, 1), (0, 0)], [(0, 0), (0, 1)]]",50,1000,1.0,0.01,0.01,0.0,5,1,1.0,1000,0,0.0,1.0,0.0,0.0,93.4,0.14,0.86,0.0,0.0,0,0
"[[1, 0], [0, 1]]","[[(0, 1), (0, 0)], [(0, 0), (0, 1)]]",50,1000,1.0,0.01,0.01,0.0,5,1,1.0,1000,0,0.0,1.0,0.0,0.0,92.823,0.0,1.0,0.0,0.0,0,0
"[[1, 0], [0, 1]]","[[(0, 1), (0, 0)], [(0, 0), (0, 1)]]",50,1000,1.0,0.01,0.01,0.0,5,1,1.0,1000,0,0.0,1.0,0.0,0.0,93.091,0.0,1.0,0.0,0.0,0,0
"[[1, 0], [0, 1]]","[[(0, 1), (0, 0)], [(0, 0), (0, 1)]]",50,1000,1.0,0.01,0.01,0.0,5,1,1.0,1000,0,0.0,1.0,0.0,0.0,93.25,0.06,0.94,0.0,0.0,0,0
"[[1, 0], [0, 1]]","[[(0, 1), (0, 0)], [(0, 0), (0, 1)]]",50,1000,1.0,0.01,0.01,0.0,5,1,1.0,1000,0,0.0,1.0,0.0,0.0,89.511,0.08,0.88,0.02,0.02,0,0
"[[1, 0], [0, 1]]","[[(0, 1), (0, 0)], [(0, 0), (0, 1)]]",50,1000,1.0,0.01,0.01,0.0,5,1,1.0,1000,0,0.0,1.0,0.0,0.25,84.787,0.16,0.04,0.8,0.0,0,0
"[[1, 0], [0, 1]]","[[(0, 1), (0, 0)], [(0, 0), (0, 1)]]",50,1000,1.0,0.01,0.01,0.0,5,1,1.0,1000,0,0.0,1.0,0.0,0.25,92.961,0.02,0.98,0.0,0.0,0,0
"[[1, 0], [0, 1]]","[[(0, 1), (0, 0)], [(0, 0), (0, 1)]]",50,1000,1.0,0.01,0.01,0.0,5,1,1.0,1000,0,0.0,1.0,0.0,0.25,92.828,0.0,1.0,0.0,0.0,0,0
"[[1, 0], [0, 1]]","[[(0, 1), (0, 0)], [(0, 0), (0, 1)]]",50,1000,1.0,0.01,0.01,0.0,5,1,1.0,1000,0,0.0,1.0,0.0,0.25,52.757,0.12,0.0,0.88,0.0,0,0
"[[1, 0], [0, 1]]","[[(0, 1), (0, 0)], [(0, 0), (0, 1)]]",50,1000,1.0,0.01,0.01,0.0,5,1,1.0,1000,0,0.0,1.0,0.0,0.25,85.824,0.28,0.02,0.68,0.02,0,0
"[[1, 0], [0, 1]]","[[(0, 1), (0, 0)], [(0, 0), (0, 1)]]",50,1000,1.0,0.01,0.01,0.0,5,1,1.0,1000,0,0.0,1.0,0.0,0.0,93.497,0.12,0.0,0.88,0.0,0,0
"[[1, 0], [0, 1]]","[[(0, 1), (0, 0)], [(0, 0), (0, 1)]]",50,1000,1.0,0.01,0.01,0.0,5,1,1.0,1000,0,0.0,1.0,0.0,0.0,93.439,0.2,0.0,0.78,0.02,0,0
"[[1, 0], [0, 1]]","[[(0, 1), (0, 0)], [(0, 0), (0, 1)]]",50,1000,1.0,0.01,0.01,0.0,5,1,1.0,1000,0,0.0,1.0,0.0,0.0,92.62,0.08,0.02,0.88,0.02,0,0
"[[1, 0], [0, 1]]","[[(0, 1), (0, 0)], [(0, 0), (0, 1)]]",50,1000,1.0,0.01,0.01,0.0,5,1,1.0,1000,0,0.0,1.0,0.0,0.0,93.443,0.22,0.7,0.08,0.0,0,0
"[[1, 0], [0, 1]]","[[(0, 1), (0, 0)], [(0, 0), (0, 1)]]",50,1000,1.0,0.01,0.01,0.0,5,1,1.0,1000,0,0.0,1.0,0.0,0.0,92.944,0.22,0.78,0.0,0.0,0,0
"[[1, 0], [0, 1]]","[[(0, 1), (0, 0)], [(0, 0), (0, 1)]]",50,1000,1.0,0.01,0.01,0.0,5,1,1.0,1000,0,0.0,1.0,0.0,0.25,92.818,0.0,1.0,0.0,0.0,0,0
"[[1, 0], [0, 1]]","[[(0, 1), (0, 0)], [(0, 0), (0, 1)]]",50,1000,1.0,0.01,0.01,0.0,5,1,1.0,1000,0,0.0,1.0,0.0,0.25,93.182,0.06,0.0,0.92,0.02,0,0
"[[1, 0], [0, 1]]","[[(0, 1), (0, 0)], [(0, 0), (0, 1)]]",50,1000,1.0,0.01,0.01,0.0,5,1,1.0,1000,0,0.0,1.0,0.0,0.25,93.328,0.0,0.02,0.98,0.0,0,0
"[[1, 0], [0, 1]]","[[(0, 1), (0, 0)], [(0, 0), (0, 1)]]",50,1000,1.0,0.01,0.01,0.0,5,1,1.0,1000,0,0.0,1.0,0.0,0.25,88.705,0.02,0.96,0.0,0.02,0,0
"[[1, 0], [0, 1]]","[[(0, 1), (0, 0)], [(0, 0), (0, 1)]]",50,1000,1.0,0.01,0.01,0.0,5,1,1.0,1000,0,0.0,1.0,0.0,0.25,85.518,0.0,1.0,0.0,0.0,0,0
"[[1, 0], [0, 1]]","[[(0, 1), (0, 0)], [(0, 0), (0, 1)]]",50,1000,1.0,0.01,0.01,0.0,5,1,1.0,1000,0,0.0,1.0,0.0,0.5,92.814,0.0,1.0,0.0,0.0,0,0
"[[1, 0], [0, 1]]","[[(0, 1), (0, 0)], [(0, 0), (0, 1)]]",50,1000,1.0,0.01,0.01,0.0,5,1,1.0,1000,0,0.0,1.0,0.0,0.5,94.202,0.0,0.0,1.0,0.0,0,0
"[[1, 0], [0, 1]]","[[(0, 1), (0, 0)], [(0, 0), (0, 1)]]",50,1000,1.0,0.01,0.01,0.0,5,1,1.0,1000,0,0.0,1.0,0.0,0.5,91.119,0.0,0.98,0.02,0.0,0,0
"[[1, 0], [0, 1]]","[[(0, 1), (0, 0)], [(0, 0), (0, 1)]]",50,1000,1.0,0.01,0.01,0.0,5,1,1.0,1000,0,0.0,1.0,0.0,0.5,92.519,0.0,1.0,0.0,0.0,0,0
"[[1, 0], [0, 1]]","[[(0, 1), (0, 0)], [(0, 0), (0, 1)]]",50,1000,1.0,0.01,0.01,0.0,5,1,1.0,1000,0,0.0,1.0,0.0,0.5,92.632,0.02,0.96,0.0,0.02,0,0
"[[1, 0], [0, 1]]","[[(0, 1), (0, 0)], [(0, 0), (0, 1)]]",50,1000,1.0,0.01,0.01,0.0,5,1,1.0,1000,0,0.0,1.0,0.0,0.75,92.421,0.02,0.98,0.0,0.0,0,0
"[[1, 0], [0, 1]]","[[(0, 1), (0, 0)], [(0, 0), (0, 1)]]",50,1000,1.0,0.01,0.01,0.0,5,1,1.0,1000,0,0.0,1.0,0.0,0.75,92.432,0.0,1.0,0.0,0.0,0,0
"[[1, 0], [0, 1]]","[[(0, 1), (0, 0)], [(0, 0), (0, 1)]]",50,1000,1.0,0.01,0.01,0.0,5,1,1.0,1000,0,0.0,1.0,0.0,0.75,92.141,0.0,1.0,0.0,0.0,0,0
"[[1, 0], [0, 1]]","[[(0, 1), (0, 0)], [(0, 0), (0, 1)]]",50,1000,1.0,0.01,0.01,0.0,5,1,1.0,1000,0,0.0,1.0,0.0,0.75,92.514,0.0,1.0,0.0,0.0,0,0
"[[1, 0], [0, 1]]","[[(0, 1), (0, 0)], [(0, 0), (0, 1)]]",50,1000,1.0,0.01,0.01,0.0,5,1,1.0,1000,0,0.0,1.0,0.0,0.75,90.037,0.02,0.94,0.02,0.02,0,0
"[[1, 0], [0, 1]]","[[(0, 1), (0, 0)], [(0, 0), (0, 1)]]",50,1000,1.0,0.01,0.01,0.0,5,1,1.0,1000,0,0.0,1.0,0.0,1.0,91.544,0.02,0.98,0.0,0.0,0,0
"[[1, 0], [0, 1]]","[[(0, 1), (0, 0)], [(0, 0), (0, 1)]]",50,1000,1.0,0.01,0.01,0.0,5,1,1.0,1000,0,0.0,1.0,0.0,1.0,47.114,0.0,1.0,0.0,0.0,0,0
"[[1, 0], [0, 1]]","[[(0, 1), (0, 0)], [(0, 0), (0, 1)]]",50,1000,1.0,0.01,0.01,0.0,5,1,1.0,1000,0,0.0,1.0,0.0,1.0,92.567,0.02,0.96,0.0,0.02,0,0
"[[1, 0], [0, 1]]","[[(0, 1), (0, 0)], [(0, 0), (0, 1)]]",50,1000,1.0,0.01,0.01,0.0,5,1,1.0,1000,0,0.0,1.0,0.0,1.0,92.601,0.0,0.98,0.0,0.02,0,0
"[[1, 0], [0, 1]]","[[(0, 1), (0, 0)], [(0, 0), (0, 1)]]",50,1000,1.0,0.01,0.01,0.0,5,1,1.0,1000,0,0.0,1.0,0.0,1.0,92.174,0.02,0.96,0.0,0.02,0,0
"[[0, 0], [1, 1]]","[[(1, 0), (1, 0)], [(0, 1), (0, 1)]]",50,1000,1.0,0.01,0.01,0.0,5,1,1.0,1000,0,0.0,1.0,0.0,0.0,41.227,0.0,0.06,0.04,0.9,0,0
"[[0, 0], [1, 1]]","[[(1, 0), (1, 0)], [(0, 1), (0, 1)]]",50,1000,1.0,0.01,0.01,0.0,5,1,1.0,1000,0,0.0,1.0,0.0,0.0,33.128,0.08,0.12,0.06,0.74,0,0
"[[0, 0], [1, 1]]","[[(1, 0), (1, 0)], [(0, 1), (0, 1)]]",50,1000,1.0,0.01,0.01,0.0,5,1,1.0,1000,0,0.0,1.0,0.0,0.0,42.233,0.62,0.32,0.0,0.06,0,0
"[[0, 0], [1, 1]]","[[(1, 0), (1, 0)], [(0, 1), (0, 1)]]",50,1000,1.0,0.01,0.01,0.0,5,1,1.0,1000,0,0.0,1.0,0.0,0.0,27.943,0.12,0.14,0.06,0.68,0,0
"[[0, 0], [1, 1]]","[[(1, 0), (1, 0)], [(0, 1), (0, 1)]]",50,1000,1.0,0.01,0.01,0.0,5,1,1.0,1000,0,0.0,1.0,0.0,0.0,40.408,0.82,0.06,0.02,0.1,0,0
"[[0, 0], [1, 1]]","[[(1, 0), (1, 0)], [(0, 1), (0, 1)]]",50,1000,1.0,0.01,0.01,0.0,5,1,1.0,1000,0,0.0,1.0,0.0,0.25,13.168,0.06,0.04,0.02,0.88,0,0
"[[0, 0], [1, 1]]","[[(1, 0), (1, 0)], [(0, 1), (0, 1)]]",50,1000,1.0,0.01,0.01,0.0,5,1,1.0,1000,0,0.0,1.0,0.0,0.25,5.371,0.0,0.0,0.0,1.0,0,0
"[[0, 0], [1, 1]]","[[(1, 0), (1, 0)], [(0, 1), (0, 1)]]",50,1000,1.0,0.01,0.01,0.0,5,1,1.0,1000,0,0.0,1.0,0.0,0.25,9.977,0.0,0.12,0.0,0.88,0,0
"[[0, 0], [1, 1]]","[[(1, 0), (1, 0)], [(0, 1), (0, 1)]]",50,1000,1.0,0.01,0.01,0.0,5,1,1.0,1000,0,0.0,1.0,0.0,0.25,13.388,0.0,0.02,0.02,0.96,0,0
"[[0, 0], [1, 1]]","[[(1, 0), (1, 0)], [(0, 1), (0, 1)]]",50,1000,1.0,0.01,0.01,0.0,5,1,1.0,1000,0,0.0,1.0,0.0,0.25,5.38,0.0,0.0,0.0,1.0,0,0
"[[0, 0], [1, 1]]","[[(1, 0), (1, 0)], [(0, 1), (0, 1)]]",50,1000,1.0,0.01,0.01,0.0,5,1,1.0,1000,0,0.0,1.0,0.0,0.5,5.37,0.0,0.04,0.04,0.92,0,0
"[[0, 0], [1, 1]]","[[(1, 0), (1, 0)], [(0, 1), (0, 1)]]",50,1000,1.0,0.01,0.01,0.0,5,1,1.0,1000,0,0.0,1.0,0.0,0.5,5.37,0.0,0.0,0.0,1.0,0,0
"[[0, 0], [1, 1]]","[[(1, 0), (1, 0)], [(0, 1), (0, 1)]]",50,1000,1.0,0.01,0.01,0.0,5,1,1.0,1000,0,0.0,1.0,0.0,0.5,5.846,0.0,0.02,0.04,0.94,0,0
"[[0, 0], [1, 1]]","[[(1, 0), (1, 0)], [(0, 1), (0, 1)]]",50,1000,1.0,0.01,0.01,0.0,5,1,1.0,1000,0,0.0,1.0,0.0,0.5,8.302,0.06,0.02,0.02,0.9,0,0
"[[0, 0], [1, 1]]","[[(1, 0), (1, 0)], [(0, 1), (0, 1)]]",50,1000,1.0,0.01,0.01,0.0,5,1,1.0,1000,0,0.0,1.0,0.0,0.5,5.913,0.0,0.02,0.04,0.94,0,0
"[[0, 0], [1, 1]]","[[(1, 0), (1, 0)], [(0, 1), (0, 1)]]",50,1000,1.0,0.01,0.01,0.0,5,1,1.0,1000,0,0.0,1.0,0.0,0.75,17.758,0.0,0.0,0.0,1.0,0,0
"[[0, 0], [1, 1]]","[[(1, 0), (1, 0)], [(0, 1), (0, 1)]]",50,1000,1.0,0.01,0.01,0.0,5,1,1.0,1000,0,0.0,1.0,0.0,0.75,21.535,0.06,0.12,0.78,0.04,0,0
"[[0, 0], [1, 1]]","[[(1, 0), (1, 0)], [(0, 1), (0, 1)]]",50,1000,1.0,0.01,0.01,0.0,5,1,1.0,1000,0,0.0,1.0,0.0,0.75,14.588,0.0,0.1,0.08,0.82,0,0
"[[0, 0], [1, 1]]","[[(1, 0), (1, 0)], [(0, 1), (0, 1)]]",50,1000,1.0,0.01,0.01,0.0,5,1,1.0,1000,0,0.0,1.0,0.0,0.75,20.101,0.0,0.38,0.08,0.54,0,0
"[[0, 0], [1, 1]]","[[(1, 0), (1, 0)], [(0, 1), (0, 1)]]",50,1000,1.0,0.01,0.01,0.0,5,1,1.0,1000,0,0.0,1.0,0.0,0.75,16.129,0.0,0.98,0.0,0.02,0,0
"[[0, 0], [1, 1]]","[[(1, 0), (1, 0)], [(0, 1), (0, 1)]]",50,1000,1.0,0.01,0.01,0.0,5,1,1.0,1000,0,0.0,1.0,0.0,1.0,26.194,0.0,0.02,0.0,0.98,0,0
"[[0, 0], [1, 1]]","[[(1, 0), (1, 0)], [(0, 1), (0, 1)]]",50,1000,1.0,0.01,0.01,0.0,5,1,1.0,1000,0,0.0,1.0,0.0,1.0,17.181,0.72,0.04,0.2,0.04,0,0
"[[0, 0], [1, 1]]","[[(1, 0), (1, 0)], [(0, 1), (0, 1)]]",50,1000,1.0,0.01,0.01,0.0,5,1,1.0,1000,0,0.0,1.0,0.0,1.0,22.211,0.0,0.0,0.46,0.54,0,0
"[[0, 0], [1, 1]]","[[(1, 0), (1, 0)], [(0, 1), (0, 1)]]",50,1000,1.0,0.01,0.01,0.0,5,1,1.0,1000,0,0.0,1.0,0.0,1.0,23.345,0.08,0.32,0.54,0.06,0,0
"[[0, 0], [1, 1]]","[[(1, 0), (1, 0)], [(0, 1), (0, 1)]]",50,1000,1.0,0.01,0.01,0.0,5,1,1.0,1000,0,0.0,1.0,0.0,1.0,26.694,0.12,0.06,0.42,0.4,0,0
"[[0, 0], [1, 1]]","[[(0, 0), (0, 1)], [(0, 1), (1, 1)]]",50,1000,1.0,0.01,0.01,0.0,5,1,1.0,1000,50,0.0,1.0,0.0,0.0,43.607,0.14,0.28,0.0,0.58,0,0
"[[0, 0], [1, 1]]","[[(0, 0), (0, 1)], [(0, 1), (1, 1)]]",50,1000,1.0,0.01,0.01,0.0,5,1,1.0,1000,50,0.0,1.0,0.0,0.0,40.164,0.0,0.36,0.0,0.64,0,0
"[[0, 0], [1, 1]]","[[(0, 0), (0, 1)], [(0, 1), (1, 1)]]",50,1000,1.0,0.01,0.01,0.0,5,1,1.0,1000,50,0.0,1.0,0.0,0.0,8.759,0.0,0.08,0.04,0.88,0,0
"[[0, 0], [1, 1]]","[[(0, 0), (0, 1)], [(0, 1), (1, 1)]]",50,1000,1.0,0.01,0.01,0.0,5,1,1.0,1000,50,0.0,1.0,0.0,0.0,28.832,0.24,0.72,0.04,0.0,0,0
"[[0, 0], [1, 1]]","[[(0, 0), (0, 1)], [(0, 1), (1, 1)]]",50,1000,1.0,0.01,0.01,0.0,5,1,1.0,1000,50,0.0,1.0,0.0,0.0,32.421,0.36,0.24,0.32,0.08,0,0
"[[0, 0], [1, 1]]","[[(0, 0), (0, 1)], [(0, 1), (1, 1)]]",50,1000,1.0,0.01,0.01,0.0,5,1,1.0,1000,50,0.0,1.0,0.0,0.25,29.183,0.0,0.0,0.0,1.0,0,0
"[[0, 0], [1, 1]]","[[(0, 0), (0, 1)], [(0, 1), (1, 1)]]",50,1000,1.0,0.01,0.01,0.0,5,1,1.0,1000,50,0.0,1.0,0.0,0.25,17.637,0.0,0.14,0.04,0.82,0,0
"[[0, 0], [1, 1]]","[[(0, 0), (0, 1)], [(0, 1), (1, 1)]]",50,1000,1.0,0.01,0.01,0.0,5,1,1.0,1000,50,0.0,1.0,0.0,0.25,17.671,0.0,0.18,0.06,0.76,0,0
"[[0, 0], [1, 1]]","[[(0, 0), (0, 1)], [(0, 1), (1, 1)]]",50,1000,1.0,0.01,0.01,0.0,5,1,1.0,1000,50,0.0,1.0,0.0,0.25,32.453,0.0,0.0,0.04,0.96,0,0
"[[0, 0], [1, 1]]","[[(0, 0), (0, 1)], [(0, 1), (1, 1)]]",50,1000,1.0,0.01,0.01,0.0,5,1,1.0,1000,50,0.0,1.0,0.0,0.25,29.743,0.02,0.04,0.0,0.94,0,0
"[[0, 0], [1, 1]]","[[(0, 0), (0, 1)], [(0, 1), (1, 1)]]",50,1000,1.0,0.01,0.01,0.0,5,1,1.0,1000,50,0.0,1.0,0.0,0.5,13.668,0.0,0.0,0.0,1.0,0,0
"[[0, 0], [1, 1]]","[[(0, 0), (0, 1)], [(0, 1), (1, 1)]]",50,1000,1.0,0.01,0.01,0.0,5,1,1.0,1000,50,0.0,1.0,0.0,0.5,11.408,0.02,0.02,0.0,0.96,0,0
"[[0, 0], [1, 1]]","[[(0, 0), (0, 1)], [(0, 1), (1, 1)]]",50,1000,1.0,0.01,0.01,0.0,5,1,1.0,1000,50,0.0,1.0,0.0,0.5,14.524,0.0,0.12,0.02,0.86,0,0
"[[0, 0], [1, 1]]","[[(0, 0), (0, 1)], [(0, 1), (1, 1)]]",50,1000,1.0,0.01,0.01,0.0,5,1,1.0,1000,50,0.0,1.0,0.0,0.5,26.679,0.64,0.3,0.06,0.0,0,0
"[[0, 0], [1, 1]]","[[(0, 0), (0, 1)], [(0, 1), (1, 1)]]",50,1000,1.0,0.01,0.01,0.0,5,1,1.0,1000,50,0.0,1.0,0.0,0.5,8.502,0.0,0.1,0.0,0.9,0,0
"[[0, 0], [1, 1]]","[[(0, 0), (0, 1)], [(0, 1), (1, 1)]]",50,1000,1.0,0.01,0.01,0.0,5,1,1.0,1000,50,0.0,1.0,0.0,0.75,18.146,0.0,0.1,0.02,0.88,0,0
"[[0, 0], [1, 1]]","[[(0, 0), (0, 1)], [(0, 1), (1, 1)]]",50,1000,1.0,0.01,0.01,0.0,5,1,1.0,1000,50,0.0,1.0,0.0,0.75,6.359,0.02,0.0,0.0,0.98,0,0
"[[0, 0], [1, 1]]","[[(0, 0), (0, 1)], [(0, 1), (1, 1)]]",50,1000,1.0,0.01,0.01,0.0,5,1,1.0,1000,50,0.0,1.0,0.0,0.75,13.803,0.0,0.04,0.06,0.9,0,0
"[[0, 0], [1, 1]]","[[(0, 0), (0, 1)], [(0, 1), (1, 1)]]",50,1000,1.0,0.01,0.01,0.0,5,1,1.0,1000,50,0.0,1.0,0.0,0.75,11.669,0.04,0.06,0.02,0.88,0,0
"[[0, 0], [1, 1]]","[[(0, 0), (0, 1)], [(0, 1), (1, 1)]]",50,1000,1.0,0.01,0.01,0.0,5,1,1.0,1000,50,0.0,1.0,0.0,0.75,6.972,0.0,0.0,0.04,0.96,0,0
"[[0, 0], [1, 1]]","[[(0, 0), (0, 1)], [(0, 1), (1, 1)]]",50,1000,1.0,0.01,0.01,0.0,5,1,1.0,1000,50,0.0,1.0,0.0,1.0,10.398,0.02,0.02,0.0,0.96,0,0
"[[0, 0], [1, 1]]","[[(0, 0), (0, 1)], [(0, 1), (1, 1)]]",50,1000,1.0,0.01,0.01,0.0,5,1,1.0,1000,50,0.0,1.0,0.0,1.0,5.294,0.02,0.0,0.02,0.96,0,0
"[[0, 0], [1, 1]]","[[(0, 0), (0, 1)], [(0, 1), (1, 1)]]",50,1000,1.0,0.01,0.01,0.0,5,1,1.0,1000,50,0.0,1.0,0.0,1.0,5.332,0.0,0.0,0.0,1.0,0,0
"[[0, 0], [1, 1]]","[[(0, 0), (0, 1)], [(0, 1), (1, 1)]]",50,1000,1.0,0.01,0.01,0.0,5,1,1.0,1000,50,0.0,1.0,0.0,1.0,5.603,0.06,0.0,0.0,0.94,0,0
"[[0, 0], [1, 1]]","[[(0, 0), (0, 1)], [(0, 1), (1, 1)]]",50,1000,1.0,0.01,0.01,0.0,5,1,1.0,1000,50,0.0,1.0,0.0,1.0,5.413,0.02,0.0,0.08,0.9,0,0
"[[0, 0], [1, 1]]","[[(0, 0), (0, 0)], [(0, 1), (1, 1)]]",50,2000,1.0,0.01,0.01,0.0,5,1,1.0,2000,100,0.0,1.0,0.0,0.0,32.449,0.64,0.36,0.0,0.0,0,0
"[[0, 0], [1, 1]]","[[(0, 0), (0, 0)], [(0, 1), (1, 1)]]",50,2000,1.0,0.01,0.01,0.0,5,1,1.0,2000,100,0.0,1.0,0.0,0.0,21.443,0.44,0.5,0.0,0.06,0,0
"[[0, 0], [1, 1]]","[[(0, 0), (0, 0)], [(0, 1), (1, 1)]]",50,2000,1.0,0.01,0.01,0.0,5,1,1.0,2000,100,0.0,1.0,0.0,0.0,31.281,0.46,0.54,0.0,0.0,0,0
"[[0, 0], [1, 1]]","[[(0, 0), (0, 0)], [(0, 1), (1, 1)]]",50,2000,1.0,0.01,0.01,0.0,5,1,1.0,2000,100,0.0,1.0,0.0,0.0,32.641,0.08,0.2,0.16,0.56,0,0
"[[0, 0], [1, 1]]","[[(0, 0), (0, 0)], [(0, 1), (1, 1)]]",50,2000,1.0,0.01,0.01,0.0,5,1,1.0,2000,100,0.0,1.0,0.0,0.0,29.892,0.04,0.0,0.02,0.94,0,0
"[[0, 0], [1, 1]]","[[(0, 0), (0, 0)], [(0, 1), (1, 1)]]",50,2000,1.0,0.01,0.01,0.0,5,1,1.0,2000,100,0.0,1.0,0.0,0.25,34.842,0.1,0.8,0.04,0.06,0,0
"[[0, 0], [1, 1]]","[[(0, 0), (0, 0)], [(0, 1), (1, 1)]]",50,2000,1.0,0.01,0.01,0.0,5,1,1.0,2000,100,0.0,1.0,0.0,0.25,43.657,0.34,0.66,0.0,0.0,0,0
"[[0, 0], [1, 1]]","[[(0, 0), (0, 0)], [(0, 1), (1, 1)]]",50,2000,1.0,0.01,0.01,0.0,5,1,1.0,2000,100,0.0,1.0,0.0,0.25,23.889,0.5,0.44,0.0,0.06,0,0
"[[0, 0], [1, 1]]","[[(0, 0), (0, 0)], [(0, 1), (1, 1)]]",50,2000,1.0,0.01,0.01,0.0,5,1,1.0,2000,100,0.0,1.0,0.0,0.25,28.552,0.04,0.0,0.04,0.92,0,0
"[[0, 0], [1, 1]]","[[(0, 0), (0, 0)], [(0, 1), (1, 1)]]",50,2000,1.0,0.01,0.01,0.0,5,1,1.0,2000,100,0.0,1.0,0.0,0.25,39.368,0.0,0.0,0.0,1.0,0,0
"[[0, 0], [1, 1]]","[[(0, 0), (0, 0)], [(0, 1), (1, 1)]]",50,2000,1.0,0.01,0.01,0.0,5,1,1.0,2000,100,0.0,1.0,0.0,0.5,26.692,0.02,0.38,0.0,0.6,0,0
"[[0, 0], [1, 1]]","[[(0, 0), (0, 0)], [(0, 1), (1, 1)]]",50,2000,1.0,0.01,0.01,0.0,5,1,1.0,2000,100,0.0,1.0,0.0,0.5,53.79,0.02,0.0,0.02,0.96,0,0
"[[0, 0], [1, 1]]","[[(0, 0), (0, 0)], [(0, 1), (1, 1)]]",50,2000,1.0,0.01,0.01,0.0,5,1,1.0,2000,100,0.0,1.0,0.0,0.5,43.316,0.1,0.16,0.0,0.74,0,0
"[[0, 0], [1, 1]]","[[(0, 0), (0, 0)], [(0, 1), (1, 1)]]",50,2000,1.0,0.01,0.01,0.0,5,1,1.0,2000,100,0.0,1.0,0.0,0.5,29.903,0.0,0.26,0.0,0.74,0,0
"[[0, 0], [1, 1]]","[[(0, 0), (0, 0)], [(0, 1), (1, 1)]]",50,2000,1.0,0.01,0.01,0.0,5,1,1.0,2000,100,0.0,1.0,0.0,0.5,27.473,0.0,0.18,0.0,0.82,0,0
"[[0, 0], [1, 1]]","[[(0, 0), (0, 0)], [(0, 1), (1, 1)]]",50,2000,1.0,0.01,0.01,0.0,5,1,1.0,2000,100,0.0,1.0,0.0,0.75,28.215,0.0,0.1,0.06,0.84,0,0
"[[0, 0], [1, 1]]","[[(0, 0), (0, 0)], [(0, 1), (1, 1)]]",50,2000,1.0,0.01,0.01,0.0,5,1,1.0,2000,100,0.0,1.0,0.0,0.75,25.273,0.0,0.14,0.02,0.84,0,0
"[[0, 0], [1, 1]]","[[(0, 0), (0, 0)], [(0, 1), (1, 1)]]",50,2000,1.0,0.01,0.01,0.0,5,1,1.0,2000,100,0.0,1.0,0.0,0.75,24.649,0.0,0.0,0.04,0.96,0,0
"[[0, 0], [1, 1]]","[[(0, 0), (0, 0)], [(0, 1), (1, 1)]]",50,2000,1.0,0.01,0.01,0.0,5,1,1.0,2000,100,0.0,1.0,0.0,0.75,36.996,0.0,0.02,0.0,0.98,0,0
"[[0, 0], [1, 1]]","[[(0, 0), (0, 0)], [(0, 1), (1, 1)]]",50,2000,1.0,0.01,0.01,0.0,5,1,1.0,2000,100,0.0,1.0,0.0,0.75,35.998,0.54,0.46,0.0,0.0,0,0
"[[0, 0], [1, 1]]","[[(0, 0), (0, 0)], [(0, 1), (1, 1)]]",50,2000,1.0,0.01,0.01,0.0,5,1,1.0,2000,100,0.0,1.0,0.0,1.0,44.571,0.66,0.3,0.02,0.02,0,0
"[[0, 0], [1, 1]]","[[(0, 0), (0, 0)], [(0, 1), (1, 1)]]",50,2000,1.0,0.01,0.01,0.0,5,1,1.0,2000,100,0.0,1.0,0.0,1.0,29.786,0.0,0.02,0.06,0.92,0,0
"[[0, 0], [1, 1]]","[[(0, 0), (0, 0)], [(0, 1), (1, 1)]]",50,2000,1.0,0.01,0.01,0.0,5,1,1.0,2000,100,0.0,1.0,0.0,1.0,32.283,0.06,0.02,0.02,0.9,0,0
"[[0, 0], [1, 1]]","[[(0, 0), (0, 0)], [(0, 1), (1, 1)]]",50,2000,1.0,0.01,0.01,0.0,5,1,1.0,2000,100,0.0,1.0,0.0,1.0,33.958,0.36,0.6,0.04,0.0,0,0
"[[0, 0], [1, 1]]","[[(0, 0), (0, 0)], [(0, 1), (1, 1)]]",50,2000,1.0,0.01,0.01,0.0,5,1,1.0,2000,100,0.0,1.0,0.0,1.0,34.999,0.0,0.32,0.04,0.64,0,0
"[[0, 0], [1, 1]]","[[(0, 0), (0, 0)], [(0, 1), (0, 1)]]",50,2000,1.0,0.01,0.01,0.0,5,1,1.0,2000,100,0.0,1.0,0.0,0.0,34.943,0.04,0.04,0.02,0.9,0,0
"[[0, 0], [1, 1]]","[[(0, 0), (0, 0)], [(0, 1), (0, 1)]]",50,2000,1.0,0.01,0.01,0.0,5,1,1.0,2000,100,0.0,1.0,0.0,0.0,26.189,0.0,0.02,0.0,0.98,0,0
"[[0, 0], [1, 1]]","[[(0, 0), (0, 0)], [(0, 1), (0, 1)]]",50,2000,1.0,0.01,0.01,0.0,5,1,1.0,2000,100,0.0,1.0,0.0,0.0,30.037,0.0,0.08,0.0,0.92,0,0
"[[0, 0], [1, 1]]","[[(0, 0), (0, 0)], [(0, 1), (0, 1)]]",50,2000,1.0,0.01,0.01,0.0,5,1,1.0,2000,100,0.0,1.0,0.0,0.0,32.321,0.0,0.0,0.0,1.0,0,0
"[[0, 0], [1, 1]]","[[(0, 0), (0, 0)], [(0, 1), (0, 1)]]",50,2000,1.0,0.01,0.01,0.0,5,1,1.0,2000,100,0.0,1.0,0.0,0.0,27.278,0.0,0.02,0.02,0.96,0,0
"[[0, 0], [1, 1]]","[[(0, 0), (0, 0)], [(0, 1), (0, 1)]]",50,2000,1.0,0.01,0.01,0.0,5,1,1.0,2000,100,0.0,1.0,0.0,0.25,30.721,0.02,0.12,0.0,0.86,0,0
"[[0, 0], [1, 1]]","[[(0, 0), (0, 0)], [(0, 1), (0, 1)]]",50,2000,1.0,0.01,0.01,0.0,5,1,1.0,2000,100,0.0,1.0,0.0,0.25,16.505,0.14,0.4,0.0,0.46,0,0
"[[0, 0], [1, 1]]","[[(0, 0), (0, 0)], [(0, 1), (0, 1)]]",50,2000,1.0,0.01,0.01,0.0,5,1,1.0,2000,100,0.0,1.0,0.0,0.25,21.134,0.08,0.0,0.0,0.92,0,0
"[[0, 0], [1, 1]]","[[(0, 0), (0, 0)], [(0, 1), (0, 1)]]",50,2000,1.0,0.01,0.01,0.0,5,1,1.0,2000,100,0.0,1.0,0.0,0.25,23.464,0.18,0.1,0.0,0.72,0,0
"[[0, 0], [1, 1]]","[[(0, 0), (0, 0)], [(0, 1), (0, 1)]]",50,2000,1.0,0.01,0.01,0.0,5,1,1.0,2000,100,0.0,1.0,0.0,0.25,19.252,0.04,0.46,0.0,0.5,0,0
"[[0, 0], [1, 1]]","[[(0, 0), (0, 0)], [(0, 1), (0, 1)]]",50,2000,1.0,0.01,0.01,0.0,5,1,1.0,2000,100,0.0,1.0,0.0,0.5,12.36,0.0,0.24,0.02,0.74,0,0
"[[0, 0], [1, 1]]","[[(0, 0), (0, 0)], [(0, 1), (0, 1)]]",50,2000,1.0,0.01,0.01,0.0,5,1,1.0,2000,100,0.0,1.0,0.0,0.5,23.71,0.0,0.06,0.06,0.88,0,0
"[[0, 0], [1, 1]]","[[(0, 0), (0, 0)], [(0, 1), (0, 1)]]",50,2000,1.0,0.01,0.01,0.0,5,1,1.0,2000,100,0.0,1.0,0.0,0.5,31.985,0.02,0.18,0.0,0.8,0,0
"[[0, 0], [1, 1]]","[[(0, 0), (0, 0)], [(0, 1), (0, 1)]]",50,2000,1.0,0.01,0.01,0.0,5,1,1.0,2000,100,0.0,1.0,0.0,0.5,27.995,0.1,0.18,0.18,0.54,0,0
"[[0, 0], [1, 1]]","[[(0, 0), (0, 0)], [(0, 1), (0, 1)]]",50,2000,1.0,0.01,0.01,0.0,5,1,1.0,2000,100,0.0,1.0,0.0,0.5,36.949,0.28,0.3,0.12,0.3,0,0
"[[0, 0], [1, 1]]","[[(0, 0), (0, 0)], [(0, 1), (0, 1)]]",50,2000,1.0,0.01,0.01,0.0,5,1,1.0,2000,100,0.0,1.0,0.0,0.75,25.234,0.0,0.02,0.04,0.94,0,0
"[[0, 0], [1, 1]]","[[(0, 0), (0, 0)], [(0, 1), (0, 1)]]",50,2000,1.0,0.01,0.01,0.0,5,1,1.0,2000,100,0.0,1.0,0.0,0.75,21.801,0.2,0.14,0.06,0.6,0,0
"[[0, 0], [1, 1]]","[[(0, 0), (0, 0)], [(0, 1), (0, 1)]]",50,2000,1.0,0.01,0.01,0.0,5,1,1.0,2000,100,0.0,1.0,0.0,0.75,25.775,0.68,0.32,0.0,0.0,0,0
"[[0, 0], [1, 1]]","[[(0, 0), (0, 0)], [(0, 1), (0, 1)]]",50,2000,1.0,0.01,0.01,0.0,5,1,1.0,2000,100,0.0,1.0,0.0,0.75,32.3,0.0,0.6,0.2,0.2,0,0
"[[0, 0], [1, 1]]","[[(0, 0), (0, 0)], [(0, 1), (0, 1)]]",50,2000,1.0,0.01,0.01,0.0,5,1,1.0,2000,100,0.0,1.0,0.0,0.75,24.56,0.02,0.02,0.0,0.96,0,0
"[[0, 0], [1, 1]]","[[(0, 0), (0, 0)], [(0, 1), (0, 1)]]",50,2000,1.0,0.01,0.01,0.0,5,1,1.0,2000,100,0.0,1.0,0.0,1.0,18.943,0.0,0.2,0.1,0.7,0,0
"[[0, 0], [1, 1]]","[[(0, 0), (0, 0)], [(0, 1), (0, 1)]]",50,2000,1.0,0.01,0.01,0.0,5,1,1.0,2000,100,0.0,1.0,0.0,1.0,7.541,0.0,0.06,0.06,0.88,0,0
"[[0, 0], [1, 1]]","[[(0, 0), (0, 0)], [(0, 1), (0, 1)]]",50,2000,1.0,0.01,0.01,0.0,5,1,1.0,2000,100,0.0,1.0,0.0,1.0,28.63,0.0,0.08,0.02,0.9,0,0
"[[0, 0], [1, 1]]","[[(0, 0), (0, 0)], [(0, 1), (0, 1)]]",50,2000,1.0,0.01,0.01,0.0,5,1,1.0,2000,100,0.0,1.0,0.0,1.0,17.362,0.28,0.2,0.12,0.4,0,0
"[[0, 0], [1, 1]]","[[(0, 0), (0, 0)], [(0, 1), (0, 1)]]",50,2000,1.0,0.01,0.01,0.0,5,1,1.0,2000,100,0.0,1.0,0.0,1.0,13.159,0.0,0.0,0.02,0.98,0,0
